ts_code,trade_time,open,high,low,close,vol,amount
300017.SZ,2026-08-14 15:00:00,17.33,17.33,17.33,17.33,2299763.0,39854892.0
300017.SZ,2026-08-14 14:59:00,17.33,17.33,17.33,17.33,0.0,0.0
300017.SZ,2026-08-14 14:58:00,17.33,17.33,17.33,17.33,0.0,0.0
300017.SZ,2026-08-14 14:57:00,17.33,17.33,17.33,17.33,1055500.0,18291816.0
300017.SZ,2026-08-14 14:56:00,17.33,17.33,17.33,17.33,776100.0,13449813.0
300017.SZ,2026-08-14 14:55:00,17.33,17.33,17.33,17.33,1201371.0,20819760.0
300017.SZ,2026-08-14 14:54:00,17.33,17.33,17.33,17.33,476500.0,8257745.0
300017.SZ,2026-08-14 14:53:00,17.33,17.33,17.33,17.33,683300.0,11841589.0
300017.SZ,2026-08-14 14:52:00,17.33,17.33,17.33,17.33,786900.0,13636977.0
300017.SZ,2026-08-14 14:51:00,17.33,17.33,17.33,17.33,561672.0,9733776.0
300017.SZ,2026-08-14 14:50:00,17.33,17.33,17.33,17.33,673220.0,11666903.0
300017.SZ,2026-08-14 14:49:00,17.33,17.33,17.33,17.33,282400.0,4893992.0
300017.SZ,2026-08-14 14:48:00,17.33,17.33,17.33,17.33,259800.0,4502334.0
300017.SZ,2026-08-14 14:47:00,17.33,17.33,17.33,17.33,403805.0,6997940.5
300017.SZ,2026-08-14 14:46:00,17.33,17.33,17.33,17.33,522900.0,9061857.0
300017.SZ,2026-08-14 14:45:00,17.33,17.33,17.33,17.33,280800.0,4866264.0
300017.SZ,2026-08-14 14:44:00,17.33,17.33,17.33,17.33,348000.0,6030840.0
300017.SZ,2026-08-14 14:43:00,17.33,17.33,17.33,17.33,454700.0,7879951.0
300017.SZ,2026-08-14 14:42:00,17.33,17.33,17.33,17.33,535900.0,9287147.0
300017.SZ,2026-08-14 14:41:00,17.33,17.33,17.33,17.33,629900.0,10916167.0
300017.SZ,2026-08-14 14:40:00,17.33,17.33,17.33,17.33,704000.0,12200320.0
300017.SZ,2026-08-14 14:39:00,17.33,17.33,17.33,17.33,325000.0,5632250.0
300017.SZ,2026-08-14 14:38:00,17.33,17.33,17.33,17.33,349200.0,6051636.0
300017.SZ,2026-08-14 14:37:00,17.33,17.33,17.33,17.33,374000.0,6481420.0
300017.SZ,2026-08-14 14:36:00,17.33,17.33,17.33,17.33,265900.0,4608047.0
300017.SZ,2026-08-14 14:35:00,17.33,17.33,17.33,17.33,493500.0,8552355.0
300017.SZ,2026-08-14 14:34:00,17.33,17.33,17.33,17.33,435471.0,7546712.5
300017.SZ,2026-08-14 14:33:00,17.33,17.33,17.33,17.33,421500.0,7304595.0
300017.SZ,2026-08-14 14:32:00,17.33,17.33,17.33,17.33,497500.0,8621675.0
300017.SZ,2026-08-14 14:31:00,17.33,17.33,17.33,17.33,563100.0,9758523.0
300017.SZ,2026-08-14 14:30:00,17.33,17.33,17.33,17.33,660300.0,11442999.0
300017.SZ,2026-08-14 14:29:00,17.33,17.33,17.33,17.33,510029.0,8838803.0
300017.SZ,2026-08-14 14:28:00,17.33,17.33,17.33,17.33,1128300.0,19553440.0
300017.SZ,2026-08-14 14:27:00,17.33,17.33,17.33,17.33,971100.0,16829164.0
300017.SZ,2026-08-14 14:26:00,17.33,17.33,17.33,17.33,1081695.0,18745774.0
300017.SZ,2026-08-14 14:25:00,17.33,17.33,17.33,17.33,1273500.0,22069756.0
300017.SZ,2026-08-14 14:24:00,17.33,17.33,17.33,17.33,1037500.0,17979876.0
300017.SZ,2026-08-14 14:23:00,17.33,17.33,17.33,17.33,699000.0,12113670.0
300017.SZ,2026-08-14 14:22:00,17.33,17.33,17.33,17.33,588500.0,10198705.0
300017.SZ,2026-08-14 14:21:00,17.33,17.33,17.33,17.33,781898.0,13550292.0
300017.SZ,2026-08-14 14:20:00,17.33,17.33,17.33,17.33,1124671.0,19490548.0
300017.SZ,2026-08-14 14:19:00,17.33,17.33,17.33,17.33,1293600.0,22418088.0
300017.SZ,2026-08-14 14:18:00,17.33,17.33,17.33,17.33,1673869.0,29008150.0
300017.SZ,2026-08-14 14:17:00,17.33,17.33,17.33,17.33,2156623.0,37374276.0
300017.SZ,2026-08-14 14:16:00,17.33,17.33,17.33,17.33,6625799.0,114825096.0
300017.SZ,2026-08-14 14:15:00,17.23,17.33,17.21,17.33,40644332.0,703627650.0
300017.SZ,2026-08-14 14:14:00,17.14,17.22,17.11,17.2,5054727.0,86795270.0
300017.SZ,2026-08-14 14:13:00,17.02,17.2,16.98,17.16,5914201.0,101108936.0
300017.SZ,2026-08-14 14:12:00,17.02,17.07,17.02,17.03,1877941.0,32003524.0
300017.SZ,2026-08-14 14:11:00,16.83,17.02,16.83,17.0,3188150.0,54055176.0
300017.SZ,2026-08-14 14:10:00,16.64,16.84,16.63,16.84,1473300.0,24643750.0
300017.SZ,2026-08-14 14:09:00,16.69,16.7,16.64,16.64,534400.0,8911129.0
300017.SZ,2026-08-14 14:08:00,16.67,16.72,16.67,16.7,593300.0,9909304.0
300017.SZ,2026-08-14 14:07:00,16.6,16.67,16.6,16.67,780200.0,12980276.0
300017.SZ,2026-08-14 14:06:00,16.54,16.61,16.53,16.61,767391.0,12718759.0
300017.SZ,2026-08-14 14:05:00,16.57,16.57,16.51,16.53,866853.0,14328479.0
300017.SZ,2026-08-14 14:04:00,16.61,16.61,16.56,16.57,778900.0,12923812.0
300017.SZ,2026-08-14 14:03:00,16.65,16.65,16.58,16.62,1746500.0,28993480.0
300017.SZ,2026-08-14 14:02:00,16.77,16.77,16.65,16.65,972800.0,16232724.0
300017.SZ,2026-08-14 14:01:00,16.79,16.79,16.73,16.77,747800.0,12549821.0
300017.SZ,2026-08-14 14:00:00,16.71,16.83,16.71,16.79,616828.0,10358664.0
300017.SZ,2026-08-14 13:59:00,16.7,16.72,16.68,16.72,1261000.0,21041982.0
300017.SZ,2026-08-14 13:58:00,16.84,16.84,16.71,16.71,660000.0,11068876.0
300017.SZ,2026-08-14 13:57:00,16.73,16.83,16.73,16.83,1473297.0,24723420.0
300017.SZ,2026-08-14 13:56:00,16.77,16.77,16.67,16.7,1621700.0,27088908.0
300017.SZ,2026-08-14 13:55:00,16.85,16.85,16.78,16.78,1033398.0,17374264.0
300017.SZ,2026-08-14 13:54:00,17.0,17.0,16.86,16.86,639700.0,10831689.0
300017.SZ,2026-08-14 13:53:00,16.95,17.1,16.95,17.0,1746754.0,29734448.0
300017.SZ,2026-08-14 13:52:00,16.94,16.98,16.92,16.93,924000.0,15654896.0
300017.SZ,2026-08-14 13:51:00,16.79,16.95,16.77,16.94,1478672.0,24902620.0
300017.SZ,2026-08-14 13:50:00,16.83,16.85,16.79,16.79,957500.0,16097576.0
300017.SZ,2026-08-14 13:49:00,16.96,16.96,16.8,16.83,1645400.0,27771834.0
300017.SZ,2026-08-14 13:48:00,16.9,16.98,16.86,16.97,1899800.0,32144018.0
300017.SZ,2026-08-14 13:47:00,17.11,17.11,16.91,16.91,1078100.0,18345356.0
300017.SZ,2026-08-14 13:46:00,17.19,17.24,17.14,17.14,3299700.0,56774612.0
300017.SZ,2026-08-14 13:45:00,16.9,17.28,16.9,17.19,9630487.0,165041620.0
300017.SZ,2026-08-14 13:44:00,16.97,16.97,16.85,16.89,1931516.0,32607916.0
300017.SZ,2026-08-14 13:43:00,16.9,17.0,16.9,16.97,5060551.0,85817240.0
300017.SZ,2026-08-14 13:42:00,16.74,16.88,16.71,16.86,4601796.0,77288180.0
300017.SZ,2026-08-14 13:41:00,16.66,16.75,16.66,16.75,4191400.0,69976824.0
300017.SZ,2026-08-14 13:40:00,16.55,16.65,16.51,16.65,2126663.0,35236640.0
300017.SZ,2026-08-14 13:39:00,16.55,16.57,16.51,16.57,1273691.0,21074132.0
300017.SZ,2026-08-14 13:38:00,16.63,16.63,16.57,16.57,1108100.0,18386172.0
300017.SZ,2026-08-14 13:37:00,16.46,16.67,16.46,16.62,3803200.0,63173424.0
300017.SZ,2026-08-14 13:36:00,16.55,16.55,16.46,16.46,1943700.0,32062834.0
300017.SZ,2026-08-14 13:35:00,16.47,16.64,16.47,16.58,2622600.0,43451530.0
300017.SZ,2026-08-14 13:34:00,16.55,16.58,16.41,16.41,1835900.0,30239594.0
300017.SZ,2026-08-14 13:33:00,16.62,16.62,16.48,16.58,2399920.0,39704188.0
300017.SZ,2026-08-14 13:32:00,16.6,16.75,16.6,16.64,4273550.0,71271224.0
300017.SZ,2026-08-14 13:31:00,16.46,16.67,16.44,16.6,6291232.0,104241630.0
300017.SZ,2026-08-14 13:30:00,16.23,16.5,16.23,16.47,9256857.0,151380290.0
300017.SZ,2026-08-14 13:29:00,16.15,16.16,16.1,16.1,984402.0,15873755.0
300017.SZ,2026-08-14 13:28:00,16.13,16.16,16.12,16.16,1341398.0,21658060.0
300017.SZ,2026-08-14 13:27:00,16.19,16.19,16.13,16.13,1583800.0,25607288.0
300017.SZ,2026-08-14 13:26:00,15.96,16.2,15.96,16.2,6474278.0,104233560.0
300017.SZ,2026-08-14 13:25:00,15.94,15.97,15.94,15.95,540500.0,8624270.0
300017.SZ,2026-08-14 13:24:00,15.99,15.99,15.96,15.96,741817.0,11858723.0
300017.SZ,2026-08-14 13:23:00,16.05,16.05,15.99,15.99,1140100.0,18261630.0
300017.SZ,2026-08-14 13:22:00,16.0,16.05,15.98,16.05,1808300.0,28968312.0
300017.SZ,2026-08-14 13:21:00,15.89,16.0,15.89,16.0,1325300.0,21139636.0
300017.SZ,2026-08-14 13:20:00,15.9,15.9,15.86,15.89,957600.0,15208595.0
300017.SZ,2026-08-14 13:19:00,15.87,15.92,15.86,15.91,1086400.0,17266312.0
300017.SZ,2026-08-14 13:18:00,15.97,15.97,15.85,15.87,1039828.0,16538973.0
300017.SZ,2026-08-14 13:17:00,15.95,15.98,15.95,15.98,1004031.0,16039275.0
300017.SZ,2026-08-14 13:16:00,16.0,16.0,15.95,15.96,1144300.0,18283052.0
300017.SZ,2026-08-14 13:15:00,16.0,16.0,15.99,16.0,1251400.0,20021860.0
300017.SZ,2026-08-14 13:14:00,16.1,16.1,15.97,15.98,2273400.0,36504228.0
300017.SZ,2026-08-14 13:13:00,15.82,16.1,15.82,16.08,7670135.0,122590840.0
300017.SZ,2026-08-14 13:12:00,15.86,15.86,15.81,15.81,962000.0,15223765.0
300017.SZ,2026-08-14 13:11:00,15.92,15.92,15.84,15.86,768100.0,12184243.0
300017.SZ,2026-08-14 13:10:00,15.82,15.97,15.82,15.93,2588511.0,41167150.0
300017.SZ,2026-08-14 13:09:00,15.76,15.84,15.75,15.84,1062136.0,16766157.0
300017.SZ,2026-08-14 13:08:00,15.76,15.78,15.73,15.75,709700.0,11186535.0
300017.SZ,2026-08-14 13:07:00,15.81,15.81,15.75,15.75,1299400.0,20502744.0
300017.SZ,2026-08-14 13:06:00,15.71,15.83,15.67,15.83,1375500.0,21631742.0
300017.SZ,2026-08-14 13:05:00,15.77,15.77,15.68,15.7,455900.0,7166148.0
300017.SZ,2026-08-14 13:04:00,15.85,15.86,15.78,15.78,1086200.0,17184880.0
300017.SZ,2026-08-14 13:03:00,15.89,15.89,15.79,15.87,1476700.0,23376024.0
300017.SZ,2026-08-14 13:02:00,15.85,15.99,15.85,15.9,3974175.0,63247484.0
300017.SZ,2026-08-14 13:01:00,15.68,15.86,15.66,15.85,4143906.0,65289388.0
300017.SZ,2026-08-14 11:30:00,15.68,15.69,15.65,15.66,895500.0,14038533.0
300017.SZ,2026-08-14 11:29:00,15.56,15.66,15.55,15.65,785800.0,12264393.0
300017.SZ,2026-08-14 11:28:00,15.54,15.56,15.53,15.54,480300.0,7466701.0
300017.SZ,2026-08-14 11:27:00,15.57,15.59,15.55,15.56,385000.0,5995614.0
300017.SZ,2026-08-14 11:26:00,15.62,15.62,15.56,15.56,914200.0,14254374.0
300017.SZ,2026-08-14 11:25:00,15.64,15.64,15.6,15.63,664000.0,10374578.0
300017.SZ,2026-08-14 11:24:00,15.62,15.7,15.62,15.62,1327900.0,20797948.0
300017.SZ,2026-08-14 11:23:00,15.74,15.75,15.64,15.64,777000.0,12195236.0
300017.SZ,2026-08-14 11:22:00,15.68,15.8,15.68,15.75,3020700.0,47616924.0
300017.SZ,2026-08-14 11:21:00,15.67,15.7,15.61,15.68,3237600.0,50735524.0
300017.SZ,2026-08-14 11:20:00,15.46,15.69,15.4,15.69,8298607.0,129332540.0
300017.SZ,2026-08-14 11:19:00,15.48,15.49,15.46,15.46,407100.0,6299357.0
300017.SZ,2026-08-14 11:18:00,15.51,15.51,15.48,15.49,641200.0,9941084.0
300017.SZ,2026-08-14 11:17:00,15.5,15.54,15.5,15.52,1425500.0,22116216.0
300017.SZ,2026-08-14 11:16:00,15.43,15.5,15.43,15.49,1502200.0,23248236.0
300017.SZ,2026-08-14 11:15:00,15.44,15.45,15.42,15.42,665900.0,10281565.0
300017.SZ,2026-08-14 11:14:00,15.45,15.46,15.44,15.44,626500.0,9677464.0
300017.SZ,2026-08-14 11:13:00,15.5,15.5,15.43,15.45,586200.0,9068618.0
300017.SZ,2026-08-14 11:12:00,15.39,15.52,15.38,15.52,1702600.0,26297790.0
300017.SZ,2026-08-14 11:11:00,15.38,15.42,15.36,15.4,715339.0,11007810.0
300017.SZ,2026-08-14 11:10:00,15.37,15.4,15.36,15.37,477400.0,7341363.5
300017.SZ,2026-08-14 11:09:00,15.35,15.38,15.35,15.36,380800.0,5852761.0
300017.SZ,2026-08-14 11:08:00,15.39,15.39,15.33,15.33,530961.0,8155328.0
300017.SZ,2026-08-14 11:07:00,15.44,15.44,15.39,15.4,421400.0,6494876.0
300017.SZ,2026-08-14 11:06:00,15.4,15.48,15.4,15.44,1291800.0,19953416.0
300017.SZ,2026-08-14 11:05:00,15.42,15.42,15.39,15.4,770039.0,11859469.0
300017.SZ,2026-08-14 11:04:00,15.54,15.54,15.42,15.42,1070700.0,16598572.0
300017.SZ,2026-08-14 11:03:00,15.45,15.55,15.42,15.55,1974821.0,30575872.0
300017.SZ,2026-08-14 11:02:00,15.39,15.45,15.35,15.45,916600.0,14098850.0
300017.SZ,2026-08-14 11:01:00,15.54,15.55,15.39,15.39,1714800.0,26558264.0
300017.SZ,2026-08-14 11:00:00,15.26,15.53,15.25,15.53,2150698.0,33102620.0
300017.SZ,2026-08-14 10:59:00,15.23,15.27,15.23,15.27,582900.0,8891823.0
300017.SZ,2026-08-14 10:58:00,15.21,15.24,15.21,15.23,688500.0,10480571.0
300017.SZ,2026-08-14 10:57:00,15.18,15.22,15.17,15.21,744700.0,11313109.0
300017.SZ,2026-08-14 10:56:00,15.23,15.24,15.19,15.19,1455000.0,22134380.0
300017.SZ,2026-08-14 10:55:00,15.29,15.29,15.23,15.23,1103100.0,16828216.0
300017.SZ,2026-08-14 10:54:00,15.28,15.3,15.27,15.29,771059.0,11789425.0
300017.SZ,2026-08-14 10:53:00,15.33,15.33,15.28,15.28,954100.0,14593855.0
300017.SZ,2026-08-14 10:52:00,15.39,15.44,15.33,15.33,855300.0,13176962.0
300017.SZ,2026-08-14 10:51:00,15.34,15.41,15.34,15.39,961331.0,14783185.0
300017.SZ,2026-08-14 10:50:00,15.31,15.35,15.3,15.33,1005600.0,15395085.0
300017.SZ,2026-08-14 10:49:00,15.37,15.37,15.3,15.31,1093700.0,16760020.0
300017.SZ,2026-08-14 10:48:00,15.41,15.41,15.37,15.37,753900.0,11602710.0
300017.SZ,2026-08-14 10:47:00,15.43,15.51,15.4,15.42,1572159.0,24308152.0
300017.SZ,2026-08-14 10:46:00,15.42,15.43,15.38,15.43,1065600.0,16408438.0
300017.SZ,2026-08-14 10:45:00,15.46,15.48,15.42,15.42,897500.0,13867840.0
300017.SZ,2026-08-14 10:44:00,15.59,15.59,15.47,15.47,1421700.0,22094660.0
300017.SZ,2026-08-14 10:43:00,15.54,15.6,15.52,15.6,3180272.0,49465470.0
300017.SZ,2026-08-14 10:42:00,15.53,15.55,15.47,15.54,3463000.0,53720824.0
300017.SZ,2026-08-14 10:41:00,15.45,15.54,15.41,15.52,5858098.0,90687080.0
300017.SZ,2026-08-14 10:40:00,15.39,15.45,15.33,15.45,2565200.0,39486664.0
300017.SZ,2026-08-14 10:39:00,15.35,15.39,15.35,15.36,1815100.0,27910060.0
300017.SZ,2026-08-14 10:38:00,15.31,15.32,15.28,15.32,1070011.0,16382856.0
300017.SZ,2026-08-14 10:37:00,15.35,15.35,15.3,15.3,925500.0,14186034.0
300017.SZ,2026-08-14 10:36:00,15.29,15.36,15.28,15.36,1563889.0,23966656.0
300017.SZ,2026-08-14 10:35:00,15.32,15.33,15.29,15.29,923400.0,14136587.0
300017.SZ,2026-08-14 10:34:00,15.3,15.34,15.28,15.3,1237500.0,18957690.0
300017.SZ,2026-08-14 10:33:00,15.34,15.35,15.28,15.28,1036000.0,15879537.0
300017.SZ,2026-08-14 10:32:00,15.44,15.44,15.34,15.36,1583500.0,24377372.0
300017.SZ,2026-08-14 10:31:00,15.38,15.45,15.35,15.44,3617500.0,55638876.0
300017.SZ,2026-08-14 10:30:00,15.31,15.44,15.29,15.38,5279959.0,81192770.0
300017.SZ,2026-08-14 10:29:00,15.18,15.34,15.17,15.31,2574171.0,39318720.0
300017.SZ,2026-08-14 10:28:00,15.18,15.18,15.14,15.18,779840.0,11823923.0
300017.SZ,2026-08-14 10:27:00,15.16,15.2,15.16,15.18,1344160.0,20399836.0
300017.SZ,2026-08-14 10:26:00,15.15,15.19,15.14,15.14,1463300.0,22203096.0
300017.SZ,2026-08-14 10:25:00,15.24,15.24,15.15,15.17,1590218.0,24170216.0
300017.SZ,2026-08-14 10:24:00,15.27,15.27,15.25,15.25,1524410.0,23267324.0
300017.SZ,2026-08-14 10:23:00,15.32,15.32,15.23,15.28,1767282.0,26983656.0
300017.SZ,2026-08-14 10:22:00,15.28,15.42,15.28,15.33,7096787.0,108987130.0
300017.SZ,2026-08-14 10:21:00,15.22,15.32,15.18,15.29,5280319.0,80595700.0
300017.SZ,2026-08-14 10:20:00,15.09,15.29,15.09,15.22,6480209.0,98790000.0
300017.SZ,2026-08-14 10:19:00,15.01,15.1,15.0,15.09,2478300.0,37233170.0
300017.SZ,2026-08-14 10:18:00,15.06,15.08,15.01,15.01,1699200.0,25566700.0
300017.SZ,2026-08-14 10:17:00,15.15,15.15,15.05,15.05,1638400.0,24735856.0
300017.SZ,2026-08-14 10:16:00,15.2,15.2,15.09,15.14,3087100.0,46746556.0
300017.SZ,2026-08-14 10:15:00,15.29,15.29,15.17,15.19,4135500.0,62968450.0
300017.SZ,2026-08-14 10:14:00,15.1,15.33,15.07,15.29,8111523.0,123479890.0
300017.SZ,2026-08-14 10:13:00,15.2,15.23,15.09,15.1,6612988.0,100235420.0
300017.SZ,2026-08-14 10:12:00,15.02,15.19,15.02,15.18,8721978.0,131560536.0
300017.SZ,2026-08-14 10:11:00,15.16,15.16,14.98,15.01,7715500.0,116495010.0
300017.SZ,2026-08-14 10:10:00,14.91,15.17,14.9,15.15,10439434.0,156705650.0
300017.SZ,2026-08-14 10:09:00,14.81,14.95,14.81,14.93,4765747.0,70923030.0
300017.SZ,2026-08-14 10:08:00,14.72,14.83,14.71,14.82,5339198.0,78836024.0
300017.SZ,2026-08-14 10:07:00,14.71,14.74,14.66,14.69,2149000.0,31621864.0
300017.SZ,2026-08-14 10:06:00,14.63,14.72,14.63,14.71,1864700.0,27376740.0
300017.SZ,2026-08-14 10:05:00,14.57,14.62,14.56,14.62,988300.0,14418427.0
300017.SZ,2026-08-14 10:04:00,14.58,14.59,14.57,14.58,739600.0,10776247.0
300017.SZ,2026-08-14 10:03:00,14.51,14.53,14.51,14.53,341900.0,4964316.0
300017.SZ,2026-08-14 10:02:00,14.49,14.52,14.49,14.51,593625.0,8611236.0
300017.SZ,2026-08-14 10:01:00,14.47,14.55,14.47,14.49,935700.0,13574141.0
300017.SZ,2026-08-14 10:00:00,14.44,14.48,14.43,14.47,515300.0,7451462.0
300017.SZ,2026-08-14 09:59:00,14.41,14.45,14.39,14.45,518400.0,7469021.5
300017.SZ,2026-08-14 09:58:00,14.4,14.43,14.39,14.41,405775.0,5843398.0
300017.SZ,2026-08-14 09:57:00,14.43,14.43,14.39,14.41,1059900.0,15277426.0
300017.SZ,2026-08-14 09:56:00,14.45,14.45,14.43,14.44,599500.0,8656929.0
300017.SZ,2026-08-14 09:55:00,14.46,14.47,14.44,14.44,584900.0,8456978.0
300017.SZ,2026-08-14 09:54:00,14.45,14.48,14.42,14.46,580800.0,8395201.0
300017.SZ,2026-08-14 09:53:00,14.34,14.45,14.33,14.45,876100.0,12590800.0
300017.SZ,2026-08-14 09:52:00,14.38,14.38,14.31,14.33,2228600.0,31969556.0
300017.SZ,2026-08-14 09:51:00,14.35,14.4,14.33,14.37,1472600.0,21140276.0
300017.SZ,2026-08-14 09:50:00,14.45,14.45,14.34,14.36,2925910.0,42116020.0
300017.SZ,2026-08-14 09:49:00,14.43,14.46,14.43,14.45,508000.0,7336783.0
300017.SZ,2026-08-14 09:48:00,14.46,14.46,14.41,14.43,1050372.0,15152695.0
300017.SZ,2026-08-14 09:47:00,14.44,14.47,14.42,14.45,1248928.0,18035952.0
300017.SZ,2026-08-14 09:46:00,14.41,14.45,14.4,14.45,1425900.0,20573400.0
300017.SZ,2026-08-14 09:45:00,14.44,14.45,14.41,14.41,1358900.0,19603748.0
300017.SZ,2026-08-14 09:44:00,14.51,14.51,14.43,14.45,2211421.0,32004224.0
300017.SZ,2026-08-14 09:43:00,14.54,14.6,14.53,14.53,1087000.0,15827519.0
300017.SZ,2026-08-14 09:42:00,14.56,14.56,14.53,14.54,1675422.0,24370060.0
300017.SZ,2026-08-14 09:41:00,14.59,14.6,14.51,14.52,1577300.0,22969440.0
300017.SZ,2026-08-14 09:40:00,14.61,14.65,14.59,14.59,1028200.0,15029903.0
300017.SZ,2026-08-14 09:39:00,14.63,14.65,14.58,14.58,2258500.0,33045500.0
300017.SZ,2026-08-14 09:38:00,14.71,14.71,14.65,14.65,1135800.0,16687194.0
300017.SZ,2026-08-14 09:37:00,14.74,14.74,14.61,14.71,1801596.0,26449216.0
300017.SZ,2026-08-14 09:36:00,14.79,14.8,14.71,14.71,1832600.0,27062970.0
300017.SZ,2026-08-14 09:35:00,14.75,14.81,14.69,14.8,3958100.0,58354296.0
300017.SZ,2026-08-14 09:34:00,14.6,14.74,14.57,14.7,2485304.0,36448068.0
300017.SZ,2026-08-14 09:33:00,14.57,14.63,14.55,14.6,1672200.0,24383768.0
300017.SZ,2026-08-14 09:32:00,14.52,14.61,14.48,14.55,2995500.0,43528344.0
300017.SZ,2026-08-14 09:31:00,14.55,14.66,14.5,14.5,3469700.0,50518652.0
300017.SZ,2026-08-14 09:30:00,14.5,14.59,14.5,14.54,1717400.0,24923436.0
