trade_date,verify_date,rank,ts_code,name,晋阶,limit_times,advance_stage,stage_quality_weight,stage_risk_weight,stage_prior,stage_source,stage_bonus,stage_risk_penalty,stage_adjustment,up_stat,Probability,p_limit_up_calibrated,rank_score,probability_is_calibrated,probability_semantics,model_contract_status,model_contract_reason,model_schema_version,_prob_src,StrengthScore,ThemeBoost,prob_lr,prob_hgb,prob_lgbm,prob_rule,final_score_v2,final_score_base,raw_final_score,final_score,strength_plus_score,intraday_available,intraday_status,intraday_missing_reason,intraday_source_date,intraday_feature_version,intraday_matched_key,intraday_quality_score,intraday_soft_risk_score,intraday_hard_risk_flag,intraday_risk_score,late_withdraw_score,reseal_score,open_board_count,open_board_risk_score,auction_strength_score,auction_real_volume_score,seal_stability_score,intraday_confidence_score,intraday_bonus,intraday_soft_risk_penalty,intraday_hard_risk_penalty,intraday_risk_penalty,intraday_total_penalty,risk_level,risk_label,risk_tags,intraday_data_status,auction_data_status,seal_amount,open_times,turnover_rate,close,board,regime_score,regime_smooth,regime_weight,regime_state,regime_E1,regime_E2,regime_E3,run_id,run_attempt,commit_sha,generated_at_utc
20260819,20260820,1,002412.SZ,汉森制药,1→2,1.0,1→2,0.78,0.035,0.16,limit_list_d,-0.022,0.0019250000000000003,-0.023925,1/1,0.2576218137084151,0.2576218137084151,0.2576218137084151,True,calibrated_probability,valid,contract=valid; ordered feature contract validated; prediction=ok,step5_core_features_v1,hgb,62.86376,0.010000000000000002,0.1842558169083808,0.2576218137084151,0.2378612726760957,0.5874779283703951,0.3049703253651214,0.30683202036512136,0.30683202036512136,0.30683202036512136,62.86376,1,ok,,20260819,intraday_refine_v2,002412.SZ,0.693188,0.117031,0,0.117031,0.0,0.414846,0.0,0.0,0.3558823529411761,0.5,0.7,1.0,0.0273297,0.005266394999999999,0.0,0.005266394999999999,0.005266394999999999,低,健康涨停,健康涨停,ok,ok,86021043.0,1.0,6.3794,8.42,中药Ⅱ,0.44,0.44,0.864,neutral,36,0.0,0,32249792065,1,a99bcb0c6f2b8186a551b9d14b56964ef339b6ed,2026-08-19T11:54:24Z
20260819,20260820,2,001301.SZ,尚太科技,1→2,1.0,1→2,0.78,0.035,0.16,limit_list_d,-0.022,0.0019250000000000003,-0.023925,1/1,0.248598355294582,0.248598355294582,0.248598355294582,True,calibrated_probability,valid,contract=valid; ordered feature contract validated; prediction=ok,step5_core_features_v1,hgb,47.42672,0.0164,0.16580634357576612,0.248598355294582,0.213656893435704,0.4004313289977183,0.21958979216774593,0.2701338271677459,0.2701338271677459,0.2701338271677459,47.42672,1,ok,,20260819,intraday_refine_v2,001301.SZ,0.458836,0.439432,0,0.4394323,0.466157,0.252074,3.0,0.6,0.7973349805859516,0.5,0.439461,1.0,0.0214709,0.048089935,0.0,0.048089935,0.048089935,中,多次炸板|回封偏弱,多次炸板|回封偏弱,ok,ok,28398794.0,10.0,6.2421,62.33,电池,0.44,0.44,0.864,neutral,36,0.0,0,32249792065,1,a99bcb0c6f2b8186a551b9d14b56964ef339b6ed,2026-08-19T11:54:24Z
20260819,20260820,3,601011.SH,宝泰隆,1→2,1.0,1→2,0.78,0.035,0.16,limit_list_d,-0.022,0.0019250000000000003,-0.023925,1/1,0.23984687305292857,0.23984687305292857,0.23984687305292857,True,calibrated_probability,valid,contract=valid; ordered feature contract validated; prediction=ok,step5_core_features_v1,hgb,65.69422,0.3351513965909831,0.19026428979368673,0.23984687305292857,0.21774406286202846,0.6609026303454326,0.32668384779789494,0.3250621277978949,0.3250621277978949,0.3250621277978949,65.69422,1,ok,,20260819,intraday_refine_v2,601011.SH,0.804711,0.101579,0,0.101579,0.0,0.492105,0.0,0.0,0.9500000000000008,0.5,0.7,1.0,0.030117775,0.004571055,0.0,0.004571055,0.004571055,低,健康涨停,健康涨停,ok,ok,141757209.0,0.0,3.8014,3.04,焦炭Ⅱ,0.44,0.44,0.864,neutral,36,0.0,0,32249792065,1,a99bcb0c6f2b8186a551b9d14b56964ef339b6ed,2026-08-19T11:54:24Z
20260819,20260820,4,002953.SZ,日丰股份,2→3,2.0,2→3,0.92,0.015,0.35,limit_list_d,-0.007999999999999997,0.000825,-0.008824999999999996,2/2,0.23350382270628733,0.23350382270628733,0.23350382270628733,True,calibrated_probability,valid,contract=valid; ordered feature contract validated; prediction=ok,step5_core_features_v1,hgb,71.67432,0.06379429506939083,0.19548892239235324,0.23350382270628733,0.2036730326639096,0.6494159858670921,0.3301030143612774,0.3117085693612774,0.3117085693612774,0.3117085693612774,71.67432,1,ok,,20260819,intraday_refine_v2,002953.SZ,0.838716,0.083299,0,0.0832992,0.0,0.583504,0.0,0.0,1.0,0.5,0.7,1.0,0.0309679,0.003748455,0.0,0.003748455,0.003748455,低,健康涨停,健康涨停,ok,ok,96303464.0,1.0,8.637,11.73,电网设备,0.44,0.44,0.864,neutral,36,0.0,0,32249792065,1,a99bcb0c6f2b8186a551b9d14b56964ef339b6ed,2026-08-19T11:54:24Z
20260819,20260820,5,000526.SZ,学大教育,2→3,2.0,2→3,0.92,0.015,0.35,limit_list_d,-0.007999999999999997,0.000825,-0.008824999999999996,2/2,0.22521439599837068,0.22521439599837068,0.22521439599837068,True,calibrated_probability,valid,contract=valid; ordered feature contract validated; prediction=ok,step5_core_features_v1,hgb,60.40926,0.0164,0.1797492425945758,0.22521439599837068,0.2284558895509839,0.5870047127281652,0.297290470660398,0.279730135660398,0.279730135660398,0.279730135660398,60.40926,1,ok,,20260819,intraday_refine_v2,000526.SZ,0.802963,0.081972,0,0.0819724,0.0,0.590138,0.0,0.0,0.7488182329769273,0.5,0.7,1.0,0.030074075,0.00368874,0.0,0.00368874,0.00368874,低,健康涨停,健康涨停,ok,ok,94120902.0,1.0,7.6951,39.09,教育,0.44,0.44,0.864,neutral,36,0.0,0,32249792065,1,a99bcb0c6f2b8186a551b9d14b56964ef339b6ed,2026-08-19T11:54:24Z
20260819,20260820,6,603102.SH,百合股份,1→2,1.0,1→2,0.78,0.035,0.16,limit_list_d,-0.022,0.0019250000000000003,-0.023925,3/6,0.2222586985916257,0.2222586985916257,0.2222586985916257,True,calibrated_probability,valid,contract=valid; ordered feature contract validated; prediction=ok,step5_core_features_v1,hgb,65.4721,0.010000000000000002,0.19207822711905614,0.2222586985916257,0.19663122628576846,0.6511932962355305,0.28855263478336884,0.2872945197833688,0.2872945197833688,0.2872945197833688,65.4721,1,ok,,20260819,intraday_refine_v2,603102.SH,0.796105,0.104878,0,0.104878,0.0,0.475612,0.0,0.0,0.9245192307692308,0.5,0.7,1.0,0.029902625000000002,0.00471951,0.0,0.00471951,0.00471951,低,健康涨停,健康涨停,ok,ok,114928161.0,0.0,11.476,45.76,食品加工,0.44,0.44,0.864,neutral,36,0.0,0,32249792065,1,a99bcb0c6f2b8186a551b9d14b56964ef339b6ed,2026-08-19T11:54:24Z
20260819,20260820,7,600127.SH,金健米业,3→4,3.0,3→4,1.1,0.0,0.43,limit_list_d,0.010000000000000009,0.0,0.010000000000000009,3/3,0.21874142746461148,0.21874142746461148,0.21874142746461148,True,calibrated_probability,valid,contract=valid; ordered feature contract validated; prediction=ok,step5_core_features_v1,hgb,58.06,0.8363999999999999,0.22446749826470422,0.21874142746461148,0.22722353257325237,0.7229329543847206,0.37187746076368966,0.33357746076368966,0.33357746076368966,0.33357746076368966,58.06,1,ok,,20260819,intraday_refine_v2,600127.SH,0.858,0.07,0,0.07,0.0,0.65,0.0,0.0,1.0,0.5,0.7,1.0,0.03145,0.00315,0.0,0.00315,0.00315,低,健康涨停,健康涨停,ok,ok,434089920.0,0.0,4.5608,7.82,农产品加,0.44,0.44,0.864,neutral,36,0.0,0,32249792065,1,a99bcb0c6f2b8186a551b9d14b56964ef339b6ed,2026-08-19T11:54:24Z
20260819,20260820,8,603113.SH,金能科技,1→2,1.0,1→2,0.78,0.035,0.16,limit_list_d,-0.022,0.0019250000000000003,-0.023925,1/1,0.21775799700682194,0.21775799700682194,0.21775799700682194,True,calibrated_probability,valid,contract=valid; ordered feature contract validated; prediction=ok,step5_core_features_v1,hgb,58.87346,0.18005991487559858,0.16751287138393323,0.21775799700682194,0.18699377603697293,0.6077019292463174,0.2855451055875138,0.2840282805875137,0.2840282805875137,0.2840282805875137,58.87346,1,ok,,20260819,intraday_refine_v2,603113.SH,0.743673,0.07,0,0.09,0.0,0.65,0.0,0.0,0.4628205128205141,0.5,0.45,1.0,0.028591825,0.00315,0.0,0.00315,0.00315,低,健康涨停,健康涨停,ok,ok,35513689.0,0.0,4.4652,5.15,化学原料,0.44,0.44,0.864,neutral,36,0.0,0,32249792065,1,a99bcb0c6f2b8186a551b9d14b56964ef339b6ed,2026-08-19T11:54:24Z
20260819,20260820,9,601015.SH,陕西黑猫,1→2,1.0,1→2,0.78,0.035,0.16,limit_list_d,-0.022,0.0019250000000000003,-0.023925,1/1,0.20729714034773086,0.20729714034773086,0.20729714034773086,True,calibrated_probability,valid,contract=valid; ordered feature contract validated; prediction=ok,step5_core_features_v1,hgb,67.15024,0.3351513965909831,0.18112166801962845,0.20729714034773086,0.18851803974994952,0.67259831754008,0.3059493699042565,0.30518935490425647,0.30518935490425647,0.30518935490425647,67.15024,1,ok,,20260819,intraday_refine_v2,601015.SH,0.742512,0.086173,0,0.086173,0.0,0.569137,0.0,0.0,0.5034124629080118,0.5,0.57,1.0,0.0285628,0.003877785,0.0,0.003877785,0.003877785,低,健康涨停,健康涨停,ok,ok,40756783.0,1.0,7.6814,3.71,焦炭Ⅱ,0.44,0.44,0.864,neutral,36,0.0,0,32249792065,1,a99bcb0c6f2b8186a551b9d14b56964ef339b6ed,2026-08-19T11:54:24Z
20260819,20260820,10,603395.SH,红四方,3→4,3.0,3→4,1.1,0.0,0.43,limit_list_d,0.010000000000000009,0.0,0.010000000000000009,3/3,0.2045059971259583,0.2045059971259583,0.2045059971259583,True,calibrated_probability,valid,contract=valid; ordered feature contract validated; prediction=ok,step5_core_features_v1,hgb,74.776,0.0164,0.21023567380638064,0.2045059971259583,0.16465999486898755,0.6995026902995956,0.3260142664497093,0.2939677364497093,0.2939677364497093,0.2939677364497093,74.776,1,ok,,20260819,intraday_refine_v2,603395.SH,0.8488,0.114966,0,0.114966,0.0,0.675172,1.0,0.2,1.0,0.5,0.8,1.0,0.031220000000000005,0.00917347,0.0,0.00917347,0.00917347,低,健康涨停,健康涨停,ok,ok,121144919.0,1.0,18.1107,29.0,农化制品,0.44,0.44,0.864,neutral,36,0.0,0,32249792065,1,a99bcb0c6f2b8186a551b9d14b56964ef339b6ed,2026-08-19T11:54:24Z
