trade_date,verify_date,rank,ts_code,name,晋阶,limit_times,advance_stage,stage_quality_weight,stage_risk_weight,stage_prior,stage_source,stage_bonus,stage_risk_penalty,stage_adjustment,up_stat,Probability,p_limit_up_calibrated,rank_score,probability_is_calibrated,probability_semantics,model_contract_status,model_contract_reason,model_schema_version,_prob_src,StrengthScore,ThemeBoost,prob_lr,prob_hgb,prob_lgbm,prob_rule,final_score_v2,final_score_base,raw_final_score,final_score,strength_plus_score,intraday_available,intraday_status,intraday_missing_reason,intraday_source_date,intraday_feature_version,intraday_matched_key,intraday_quality_score,intraday_soft_risk_score,intraday_hard_risk_flag,intraday_risk_score,late_withdraw_score,reseal_score,open_board_count,open_board_risk_score,auction_strength_score,auction_real_volume_score,seal_stability_score,intraday_confidence_score,intraday_bonus,intraday_soft_risk_penalty,intraday_hard_risk_penalty,intraday_risk_penalty,intraday_total_penalty,risk_level,risk_label,risk_tags,intraday_data_status,auction_data_status,seal_amount,open_times,turnover_rate,close,board,regime_score,regime_smooth,regime_weight,regime_state,regime_E1,regime_E2,regime_E3,run_id,run_attempt,commit_sha,generated_at_utc,run_mode
20260710,20260713,1,000933.SZ,神火股份,1→2,1.0,1→2,0.78,0.035,0.16,limit_list_d,-0.022,0.001925,-0.023925,1/1,0.3011210407718312,0.3011210407718312,0.3011210407718312,True,calibrated_probability,valid,contract=valid; ordered feature contract validated; prediction=ok,step5_core_features_v1,hgb,51.736264,0.0164,0.1198971585429482,0.3011210407718312,0.2450862735191036,0.4095662782420062,0.2915937950018204,0.3155187950018204,0.3155187950018204,0.3155187950018204,51.736264,0,missing_stock,stock not covered by intraday_features.csv,,,,0.710322,0.0,0,0.0,0.0,0.5,0.0,0.0,0.6354800936768144,0.5,0.5,0.0,0.0,0.0,0.0,0.0,0.0,中,分时缺失|低置信,分时缺失|低置信,missing_stock,ok,23024710.0,17.0,4.7085,23.49,工业金属,0.55,0.55,0.93,neutral,93,0.0,0,29153319018,1,a215a7d1df0c4fa3225a1c4137cf33094d1fddd7,2026-07-11T12:51:59Z,auto_daily
20260710,20260713,2,600410.SH,华胜天成,1→2,1.0,1→2,0.78,0.035,0.16,limit_list_d,-0.022,0.001925,-0.023925,1/1,0.2869991727676624,0.2869991727676624,0.2869991727676624,True,calibrated_probability,valid,contract=valid; ordered feature contract validated; prediction=ok,step5_core_features_v1,hgb,71.406593,0.01,0.2123771496348978,0.2869991727676624,0.3090784065425128,0.5279618495197822,0.3205568377065945,0.3444818377065944,0.3444818377065944,0.3444818377065944,71.406593,0,missing_stock,stock not covered by intraday_features.csv,,,,0.6825,0.0,0,0.0,0.0,0.5,0.0,0.0,0.45,0.5,0.5,0.0,0.0,0.0,0.0,0.0,0.0,中,分时缺失|低置信,分时缺失|低置信,missing_stock,ok,115259736.0,8.0,10.3006,16.56,IT服务Ⅱ,0.55,0.55,0.93,neutral,93,0.0,0,29153319018,1,a215a7d1df0c4fa3225a1c4137cf33094d1fddd7,2026-07-11T12:51:59Z,auto_daily
20260710,20260713,3,000547.SZ,航天发展,1→2,1.0,1→2,0.78,0.035,0.16,limit_list_d,-0.022,0.001925,-0.023925,1/1,0.2651629654656404,0.2651629654656404,0.2651629654656404,True,calibrated_probability,valid,contract=valid; ordered feature contract validated; prediction=ok,step5_core_features_v1,hgb,57.065934,0.0164,0.1866832883189609,0.2651629654656404,0.2395520610892933,0.5602815442563898,0.2770824822874868,0.3010074822874868,0.3010074822874868,0.3010074822874868,57.065934,0,missing_stock,stock not covered by intraday_features.csv,,,,0.678686,0.0,0,0.0,0.0,0.5,0.0,0.0,0.4245762711864408,0.5,0.5,0.0,0.0,0.0,0.0,0.0,0.0,中,分时缺失|低置信,分时缺失|低置信,missing_stock,ok,182510382.0,2.0,8.3891,18.17,军工电子,0.55,0.55,0.93,neutral,93,0.0,0,29153319018,1,a215a7d1df0c4fa3225a1c4137cf33094d1fddd7,2026-07-11T12:51:59Z,auto_daily
20260710,20260713,4,002202.SZ,金风科技,1→2,1.0,1→2,0.78,0.035,0.16,limit_list_d,-0.022,0.001925,-0.023925,1/1,0.259413293166845,0.259413293166845,0.259413293166845,True,calibrated_probability,valid,contract=valid; ordered feature contract validated; prediction=ok,step5_core_features_v1,hgb,51.659341,0.0164,0.1337351609559803,0.259413293166845,0.2779469365370534,0.4295639775243615,0.26224452567833,0.28616952567833,0.28616952567833,0.28616952567833,51.659341,0,missing_stock,stock not covered by intraday_features.csv,,,,0.688698,0.0,0,0.0,0.0,0.5,0.0,0.0,0.491318248893262,0.5,0.5,0.0,0.0,0.0,0.0,0.0,0.0,中,分时缺失|低置信,分时缺失|低置信,missing_stock,ok,47067017.0,19.0,7.9578,22.36,风电设备,0.55,0.55,0.93,neutral,93,0.0,0,29153319018,1,a215a7d1df0c4fa3225a1c4137cf33094d1fddd7,2026-07-11T12:51:59Z,auto_daily
20260710,20260713,5,002865.SZ,钧达股份,1→2,1.0,1→2,0.78,0.035,0.16,limit_list_d,-0.022,0.001925,-0.023925,1/1,0.2555947075001031,0.2555947075001031,0.2555947075001031,True,calibrated_probability,valid,contract=valid; ordered feature contract validated; prediction=ok,step5_core_features_v1,hgb,51.648352,0.01,0.1121507917733821,0.2555947075001031,0.2835716837311898,0.4518003780692999,0.259057230019303,0.2829822300193029,0.2829822300193029,0.2829822300193029,51.648352,0,missing_stock,stock not covered by intraday_features.csv,,,,0.684978,0.0,0,0.0,0.0,0.5,0.0,0.0,0.4665191740412976,0.5,0.5,0.0,0.0,0.0,0.0,0.0,0.0,中,分时缺失|低置信,分时缺失|低置信,missing_stock,ok,25038744.0,6.0,6.2085,55.94,光伏设备,0.55,0.55,0.93,neutral,93,0.0,0,29153319018,1,a215a7d1df0c4fa3225a1c4137cf33094d1fddd7,2026-07-11T12:51:59Z,auto_daily
20260710,20260713,6,002115.SZ,三维通信,1→2,1.0,1→2,0.78,0.035,0.16,limit_list_d,-0.022,0.001925,-0.023925,1/1,0.2505097499900601,0.2505097499900601,0.2505097499900601,True,calibrated_probability,valid,contract=valid; ordered feature contract validated; prediction=ok,step5_core_features_v1,hgb,56.142857,0.1115060031977598,0.1987639387309684,0.2505097499900601,0.2242707866598245,0.5702697374056357,0.2722949238544083,0.2962199238544083,0.2962199238544083,0.2962199238544083,56.142857,0,missing_stock,stock not covered by intraday_features.csv,,,,0.765,0.0,0,0.0,0.0,0.5,0.0,0.0,1.0,0.5,0.5,0.0,0.0,0.0,0.0,0.0,0.0,中,分时缺失|低置信,分时缺失|低置信,missing_stock,ok,246887591.0,0.0,1.2944,10.95,通信服务,0.55,0.55,0.93,neutral,93,0.0,0,29153319018,1,a215a7d1df0c4fa3225a1c4137cf33094d1fddd7,2026-07-11T12:51:59Z,auto_daily
20260710,20260713,7,600118.SH,中国卫星,1→2,1.0,1→2,0.78,0.035,0.16,limit_list_d,-0.022,0.001925,-0.023925,1/1,0.2393734065928892,0.2393734065928892,0.2393734065928892,True,calibrated_probability,valid,contract=valid; ordered feature contract validated; prediction=ok,step5_core_features_v1,hgb,58.076923,0.5394931282264485,0.6344463889813147,0.2393734065928892,0.2157045133499323,0.6736029080292932,0.3012897020170569,0.3252147020170569,0.3252147020170569,0.3252147020170569,58.076923,0,missing_stock,stock not covered by intraday_features.csv,,,,0.675352,0.0,0,0.0,0.0,0.5,0.0,0.0,0.4023460410557178,0.5,0.5,0.0,0.0,0.0,0.0,0.0,0.0,中,分时缺失|低置信,分时缺失|低置信,missing_stock,ok,860215546.0,0.0,5.2905,90.02,航天装备,0.55,0.55,0.93,neutral,93,0.0,0,29153319018,1,a215a7d1df0c4fa3225a1c4137cf33094d1fddd7,2026-07-11T12:51:59Z,auto_daily
20260710,20260713,8,300786.SZ,国林科技,1→2,1.0,1→2,0.78,0.035,0.16,limit_list_d,-0.022,0.001925,-0.023925,1/1,0.2342082325826038,0.2342082325826038,0.2342082325826038,True,calibrated_probability,valid,contract=valid; ordered feature contract validated; prediction=ok,step5_core_features_v1,hgb,68.538462,0.0164,0.1760127094775458,0.2342082325826038,0.1762573718183765,0.6344133067292017,0.2783592252693612,0.3022842252693612,0.3022842252693612,0.3022842252693612,68.538462,0,missing_stock,stock not covered by intraday_features.csv,,,,0.69741,0.0,0,0.0,0.0,0.5,0.0,0.0,0.5493975903614456,0.5,0.5,0.0,0.0,0.0,0.0,0.0,0.0,中,分时缺失|低置信,分时缺失|低置信,missing_stock,ok,93560875.0,0.0,7.0667,23.9,环保设备,0.55,0.55,0.93,neutral,93,0.0,0,29153319018,1,a215a7d1df0c4fa3225a1c4137cf33094d1fddd7,2026-07-11T12:51:59Z,auto_daily
20260710,20260713,9,002414.SZ,高德红外,2→3,2.0,2→3,0.92,0.015,0.35,limit_list_d,-0.0079999999999999,0.000825,-0.0088249999999999,2/2,0.2320760646761057,0.2320760646761057,0.2320760646761057,True,calibrated_probability,valid,contract=valid; ordered feature contract validated; prediction=ok,step5_core_features_v1,hgb,57.725275,0.0164,0.1549849729547039,0.2320760646761057,0.2457753313586057,0.4946995892663197,0.2703403337348125,0.2791653337348125,0.2791653337348125,0.2791653337348125,57.725275,0,missing_stock,stock not covered by intraday_features.csv,,,,0.765,0.0,0,0.0,0.0,0.5,0.0,0.0,1.0,0.5,0.5,0.0,0.0,0.0,0.0,0.0,0.0,中,分时缺失|低置信,分时缺失|低置信,missing_stock,ok,106549963.0,5.0,6.0022,14.64,军工电子,0.55,0.55,0.93,neutral,93,0.0,0,29153319018,1,a215a7d1df0c4fa3225a1c4137cf33094d1fddd7,2026-07-11T12:51:59Z,auto_daily
20260710,20260713,10,002342.SZ,巨力索具,1→2,1.0,1→2,0.78,0.035,0.16,limit_list_d,-0.022,0.001925,-0.023925,1/1,0.2216605822681951,0.2216605822681951,0.2216605822681951,True,calibrated_probability,valid,contract=valid; ordered feature contract validated; prediction=ok,step5_core_features_v1,hgb,73.538462,0.4258611773793213,0.263508139202681,0.2216605822681951,0.1747126926678894,0.7680157161581627,0.3110728836938383,0.3349978836938382,0.3349978836938382,0.3349978836938382,73.538462,0,missing_stock,stock not covered by intraday_features.csv,,,,0.700393,0.0,0,0.0,0.0,0.5,0.0,0.0,0.5692842942345926,0.5,0.5,0.0,0.0,0.0,0.0,0.0,0.0,中,分时缺失|低置信,分时缺失|低置信,missing_stock,ok,208208213.0,1.0,17.9653,11.07,通用设备,0.55,0.55,0.93,neutral,93,0.0,0,29153319018,1,a215a7d1df0c4fa3225a1c4137cf33094d1fddd7,2026-07-11T12:51:59Z,auto_daily
20260713,20260714,1,002379.SZ,宏桥控股,1→2,1.0,1→2,0.78,0.035,0.16,limit_list_d,-0.022,0.001925,-0.023925,1/1,0.1940922457341934,0.1940922457341934,0.1940922457341934,True,calibrated_probability,valid,contract=valid; ordered feature contract validated; prediction=ok,step5_core_features_v1,hgb,59.336494,0.0164,0.1423607848394553,0.1940922457341934,0.1780104214494131,0.5151517594120064,0.2418042834754739,0.2557990984754739,0.2557990984754739,0.2557990984754739,59.336494,1,ok,,20260713.0,intraday_refine_v2,002379.SZ,0.682539,0.202962,0,0.226875,0.0,0.485189,2.0,0.4,0.7198961937716264,0.5,0.51,1.0,0.027063475,0.01713329,0.0,0.01713329,0.01713329,低,健康涨停,健康涨停,ok,ok,83544960.0,4.0,5.3625,15.9,工业金属,0.425,0.5125,0.9075,neutral,30,0.0,0,29254419818,1,85ab6560d42cdf95077a03cb128053cb7899b901,2026-07-13T13:41:25Z,auto_daily
20260713,20260714,2,600664.SH,哈药股份,2→3,2.0,2→3,0.92,0.015,0.35,limit_list_d,-0.0079999999999999,0.000825,-0.0088249999999999,2/2,0.1920832458075504,0.1920832458075504,0.1920832458075504,True,calibrated_probability,valid,contract=valid; ordered feature contract validated; prediction=ok,step5_core_features_v1,hgb,71.262323,0.8363999999999999,0.1573236340922707,0.1920832458075504,0.1545800679577652,0.7472577287063267,0.3549039646037469,0.3413213796037468,0.3413213796037468,0.3413213796037468,71.262323,1,ok,,20260713.0,intraday_refine_v2,600664.SH,0.830259,0.096642,0,0.096642,0.0,0.7667919999999999,1.0,0.2,0.6992581602373881,0.5,0.8,1.0,0.030756475,0.00834889,0.0,0.00834889,0.00834889,低,健康涨停,健康涨停,ok,ok,80657733.0,3.0,7.9955,3.71,化学制药,0.425,0.5125,0.9075,neutral,30,0.0,0,29254419818,1,85ab6560d42cdf95077a03cb128053cb7899b901,2026-07-13T13:41:25Z,auto_daily
20260713,20260714,3,603313.SH,梦百合,1→2,1.0,1→2,0.78,0.035,0.16,limit_list_d,-0.022,0.001925,-0.023925,2/4,0.1846489071431235,0.1846489071431235,0.1846489071431235,True,calibrated_probability,valid,contract=valid; ordered feature contract validated; prediction=ok,step5_core_features_v1,hgb,67.586911,0.0164,0.1624202773202522,0.1846489071431235,0.1574936228572762,0.6707935046281831,0.2591073404617249,0.2656895954617249,0.2656895954617249,0.2656895954617249,67.586911,1,ok,,20260713.0,intraday_refine_v2,603313.SH,0.657917,0.109004,0,0.144,0.12,0.634981,0.0,0.0,0.3921487603305789,0.5,0.17,1.0,0.0264479249999999,0.00910518,0.0,0.00910518,0.00910518,低,健康涨停,健康涨停,ok,ok,47435383.0,0.0,12.9853,7.99,家居用品,0.425,0.5125,0.9075,neutral,30,0.0,0,29254419818,1,85ab6560d42cdf95077a03cb128053cb7899b901,2026-07-13T13:41:25Z,auto_daily
20260713,20260714,4,003020.SZ,立方制药,3→4,3.0,3→4,1.1,0.0,0.43,limit_list_d,0.01,0.0,0.01,3/3,0.1776740430804582,0.1776740430804582,0.1776740430804582,True,calibrated_probability,valid,contract=valid; ordered feature contract validated; prediction=ok,step5_core_features_v1,hgb,59.702814,0.83,0.1242098501903475,0.1776740430804582,0.1516924399027342,0.7456973728962966,0.3398477170024747,0.3076236120024747,0.3076236120024747,0.3076236120024747,59.702814,1,ok,,20260713.0,intraday_refine_v2,003020.SZ,0.840855,0.106606,0,0.106606,0.0,0.7169719999999999,1.0,0.2,0.8662219850586983,0.5,0.8,1.0,0.031021375,0.00879727,0.0,0.00879727,0.00879727,低,健康涨停,健康涨停,ok,ok,82963494.0,1.0,9.8496,20.61,化学制药,0.425,0.5125,0.9075,neutral,30,0.0,0,29254419818,1,85ab6560d42cdf95077a03cb128053cb7899b901,2026-07-13T13:41:25Z,auto_daily
20260713,20260714,5,600536.SH,中国软件,1→2,1.0,1→2,0.78,0.035,0.16,limit_list_d,-0.022,0.001925,-0.023925,1/1,0.1767717452207117,0.1767717452207117,0.1767717452207117,True,calibrated_probability,valid,contract=valid; ordered feature contract validated; prediction=ok,step5_core_features_v1,hgb,56.311089,0.4258611773793213,0.1353286330645074,0.1767717452207117,0.1966708259396361,0.6202207068507509,0.2532131417605999,0.2691209517605998,0.2691209517605998,0.2691209517605998,56.311089,1,ok,,20260713.0,intraday_refine_v2,600536.SH,0.606983,0.199053,0,0.28755,0.12,0.434733,1.0,0.2,0.4561391541609828,0.5,0.374,1.0,0.025174575,0.017157385,0.0,0.017157385,0.017157385,低,健康涨停,健康涨停,ok,ok,95228606.0,2.0,6.8323,32.25,IT服务Ⅱ,0.425,0.5125,0.9075,neutral,30,0.0,0,29254419818,1,85ab6560d42cdf95077a03cb128053cb7899b901,2026-07-13T13:41:25Z,auto_daily
20260713,20260714,6,000989.SZ,九芝堂,1→2,1.0,1→2,0.78,0.035,0.16,limit_list_d,-0.022,0.001925,-0.023925,1/1,0.1755898373409805,0.1755898373409805,0.1755898373409805,True,calibrated_probability,valid,contract=valid; ordered feature contract validated; prediction=ok,step5_core_features_v1,hgb,67.81826,0.679305707944409,0.1620476031978192,0.1755898373409805,0.2037435981829936,0.742686079207957,0.2862272263651794,0.3108036913651794,0.3108036913651794,0.3108036913651794,67.81826,1,ok,,20260713.0,intraday_refine_v2,000989.SZ,0.570913,0.282762,0,0.343125,0.12,0.266192,2.0,0.4,0.6191176470588242,0.5,0.51,1.0,0.024272825,0.02492429,0.0,0.02492429,0.02492429,低,回封偏弱,回封偏弱,ok,ok,63168247.0,2.0,10.9159,8.98,中药Ⅱ,0.425,0.5125,0.9075,neutral,30,0.0,0,29254419818,1,85ab6560d42cdf95077a03cb128053cb7899b901,2026-07-13T13:41:25Z,auto_daily
20260713,20260714,7,603137.SH,恒尚节能,1→2,1.0,1→2,0.78,0.035,0.16,limit_list_d,-0.022,0.001925,-0.023925,9/10,0.1692922209319563,0.1692922209319563,0.1692922209319563,True,calibrated_probability,valid,contract=valid; ordered feature contract validated; prediction=ok,step5_core_features_v1,hgb,60.03666,0.0164,0.1453237157405968,0.1692922209319563,0.1847732774427729,0.5447113061582145,0.2270459281139079,0.2398394131139079,0.2398394131139079,0.2398394131139079,60.03666,1,ok,,20260713.0,intraday_refine_v2,603137.SH,0.671833,0.170318,0,0.170318,0.0,0.648412,2.0,0.4,0.1763551401869159,0.5,0.684,1.0,0.026795825,0.01566431,0.0,0.01566431,0.01566431,低,健康涨停,健康涨停,ok,ok,45146208.0,6.0,15.1741,29.43,装修装饰,0.425,0.5125,0.9075,neutral,30,0.0,0,29254419818,1,85ab6560d42cdf95077a03cb128053cb7899b901,2026-07-13T13:41:25Z,auto_daily
20260713,20260714,8,300214.SZ,日科化学,1→2,1.0,1→2,0.78,0.035,0.16,limit_list_d,-0.022,0.001925,-0.023925,1/1,0.1676890823046834,0.1676890823046834,0.1676890823046834,True,calibrated_probability,valid,contract=valid; ordered feature contract validated; prediction=ok,step5_core_features_v1,hgb,63.26,0.5458931282264484,0.1353066088655504,0.1676890823046834,0.144588278708898,0.6785988645097765,0.2858941367076206,0.2858941367076206,0.2858941367076206,0.2858941367076206,63.26,1,ok,,20260713.0,intraday_refine_v2,300214.SZ,0.783,0.07,0,0.07,0.0,0.65,0.0,0.0,0.5,0.5,0.7,0.75,0.027075,0.00315,0.0,0.00315,0.00315,低,健康涨停,健康涨停,ok,missing_stock,95736631.0,0.0,1.368,12.3,化学制品,0.425,0.5125,0.9075,neutral,30,0.0,0,29254419818,1,85ab6560d42cdf95077a03cb128053cb7899b901,2026-07-13T13:41:25Z,auto_daily
20260713,20260714,9,000920.SZ,沃顿科技,2→3,2.0,2→3,0.92,0.015,0.35,limit_list_d,-0.0079999999999999,0.000825,-0.0088249999999999,2/2,0.1642971634059437,0.1642971634059437,0.1642971634059437,True,calibrated_probability,valid,contract=valid; ordered feature contract validated; prediction=ok,step5_core_features_v1,hgb,60.718654,0.0164,0.1385920392680457,0.1642971634059437,0.1386515646168621,0.4831806623492133,0.239312440845699,0.2377068608456991,0.2377068608456991,0.2377068608456991,60.718654,1,ok,,20260713.0,intraday_refine_v2,000920.SZ,0.671647,0.185791,0,0.1857912,0.0,0.571044,2.0,0.4,0.4452941176470591,0.5,0.55,1.0,0.026791175,0.016360595,0.0,0.016360595,0.016360595,低,健康涨停,健康涨停,ok,ok,32307372.0,8.0,10.1535,14.03,塑料,0.425,0.5125,0.9075,neutral,30,0.0,0,29254419818,1,85ab6560d42cdf95077a03cb128053cb7899b901,2026-07-13T13:41:25Z,auto_daily
20260713,20260714,10,603065.SH,宿迁联盛,1→2,1.0,1→2,0.78,0.035,0.16,limit_list_d,-0.022,0.001925,-0.023925,1/1,0.1560598805801289,0.1560598805801289,0.1560598805801289,True,calibrated_probability,valid,contract=valid; ordered feature contract validated; prediction=ok,step5_core_features_v1,hgb,58.267243,0.5394931282264485,0.1124318965980424,0.1560598805801289,0.1445595836575043,0.6882154958950271,0.2682593138081248,0.2672758738081248,0.2672758738081248,0.2672758738081248,58.267243,1,ok,,20260713.0,intraday_refine_v2,603065.SH,0.740505,0.080093,0,0.0800934,0.0,0.599533,0.0,0.0,0.3142673521850908,0.5,0.7,1.0,0.028512625,0.0036041849999999,0.0,0.0036041849999999,0.0036041849999999,低,健康涨停,健康涨停,ok,ok,24515840.0,1.0,9.9672,21.4,化学制品,0.425,0.5125,0.9075,neutral,30,0.0,0,29254419818,1,85ab6560d42cdf95077a03cb128053cb7899b901,2026-07-13T13:41:25Z,auto_daily
20260714,20260715,1,002384.SZ,东山精密,1→2,1.0,1→2,0.78,0.035,0.16,limit_list_d,-0.022,0.001925,-0.023925,2/4,0.3212706486557725,0.3212706486557725,0.3212706486557725,True,calibrated_probability,valid,contract=valid; ordered feature contract validated; prediction=ok,step5_core_features_v1,hgb,60.646341,0.8363999999999999,0.7776798496854483,0.3212706486557725,0.3294943534505745,0.7476799609590666,0.3865955975975024,0.4105205975975023,0.4105205975975023,0.4105205975975023,60.646341,0,missing_stock,stock not covered by intraday_features.csv,,,,0.700827,0.0,0,0.0,0.0,0.5,0.0,0.0,0.5721799746514578,0.5,0.5,0.0,0.0,0.0,0.0,0.0,0.0,中,分时缺失|低置信,分时缺失|低置信,missing_stock,ok,1179007694.0,0.0,6.8865,260.37,元件,0.55,0.5237,0.9143,neutral,83,0.0,0,29332395451,1,6ad1cf5c1043232be2984d253180e4f393cd481d,2026-07-14T12:26:17Z,auto_daily
20260714,20260715,2,600183.SH,生益科技,1→2,1.0,1→2,0.78,0.035,0.16,limit_list_d,-0.022,0.001925,-0.023925,1/1,0.2598540750655523,0.2598540750655523,0.2598540750655523,True,calibrated_probability,valid,contract=valid; ordered feature contract validated; prediction=ok,step5_core_features_v1,hgb,56.280488,0.83,0.685956142026541,0.2598540750655523,0.288764817326869,0.6909479285191428,0.3343799823920406,0.3583049823920405,0.3583049823920405,0.3583049823920405,56.280488,0,missing_stock,stock not covered by intraday_features.csv,,,,0.719451,0.0,0,0.0,0.0,0.5,0.0,0.0,0.6963369282261066,0.5,0.5,0.0,0.0,0.0,0.0,0.0,0.0,中,分时缺失|低置信,分时缺失|低置信,missing_stock,ok,1050002295.0,1.0,3.381,147.9,元件,0.55,0.5237,0.9143,neutral,83,0.0,0,29332395451,1,6ad1cf5c1043232be2984d253180e4f393cd481d,2026-07-14T12:26:17Z,auto_daily
20260714,20260715,3,001389.SZ,广合科技,1→2,1.0,1→2,0.78,0.035,0.16,limit_list_d,-0.022,0.001925,-0.023925,1/1,0.2540383601271458,0.2540383601271458,0.2540383601271458,True,calibrated_probability,valid,contract=valid; ordered feature contract validated; prediction=ok,step5_core_features_v1,hgb,61.036585,0.83,0.2256086007476009,0.2540383601271458,0.2028004185192253,0.7449037102573302,0.339821175935156,0.363746175935156,0.363746175935156,0.363746175935156,61.036585,0,missing_stock,stock not covered by intraday_features.csv,,,,0.690111,0.0,0,0.0,0.0,0.5,0.0,0.0,0.5007392075694861,0.5,0.5,0.0,0.0,0.0,0.0,0.0,0.0,中,分时缺失|低置信,分时缺失|低置信,missing_stock,ok,285373751.0,1.0,8.9539,186.01,元件,0.55,0.5237,0.9143,neutral,83,0.0,0,29332395451,1,6ad1cf5c1043232be2984d253180e4f393cd481d,2026-07-14T12:26:17Z,auto_daily
20260714,20260715,4,002463.SZ,沪电股份,1→2,1.0,1→2,0.78,0.035,0.16,limit_list_d,-0.022,0.001925,-0.023925,1/1,0.2419579616163538,0.2419579616163538,0.2419579616163538,True,calibrated_probability,valid,contract=valid; ordered feature contract validated; prediction=ok,step5_core_features_v1,hgb,57.95122,0.8363999999999999,0.1954446942670973,0.2419579616163538,0.2385316572903632,0.6892595979817433,0.3256864746699093,0.3496114746699093,0.3496114746699093,0.3496114746699093,57.95122,0,missing_stock,stock not covered by intraday_features.csv,,,,0.710584,0.0,0,0.0,0.0,0.5,0.0,0.0,0.637229263596985,0.5,0.5,0.0,0.0,0.0,0.0,0.0,0.0,中,分时缺失|低置信,分时缺失|低置信,missing_stock,ok,252705495.0,2.0,4.8897,137.13,元件,0.55,0.5237,0.9143,neutral,83,0.0,0,29332395451,1,6ad1cf5c1043232be2984d253180e4f393cd481d,2026-07-14T12:26:17Z,auto_daily
20260714,20260715,5,002245.SZ,蔚蓝锂芯,1→2,1.0,1→2,0.78,0.035,0.16,limit_list_d,-0.022,0.001925,-0.023925,1/1,0.2408347263123072,0.2408347263123072,0.2408347263123072,True,calibrated_probability,valid,contract=valid; ordered feature contract validated; prediction=ok,step5_core_features_v1,hgb,60.378049,0.0164,0.1490108468010009,0.2408347263123072,0.215711084522293,0.6074181955154898,0.2666769448801536,0.2906019448801535,0.2906019448801535,0.2906019448801535,60.378049,0,missing_stock,stock not covered by intraday_features.csv,,,,0.687713,0.0,0,0.0,0.0,0.5,0.0,0.0,0.4847551342812013,0.5,0.5,0.0,0.0,0.0,0.0,0.0,0.0,中,分时缺失|低置信,分时缺失|低置信,missing_stock,ok,71633669.0,1.0,10.6016,20.89,电池,0.55,0.5237,0.9143,neutral,83,0.0,0,29332395451,1,6ad1cf5c1043232be2984d253180e4f393cd481d,2026-07-14T12:26:17Z,auto_daily
20260714,20260715,6,300209.SZ,行云科技,1→2,1.0,1→2,0.78,0.035,0.16,limit_list_d,-0.022,0.001925,-0.023925,1/1,0.2325024682400349,0.2325024682400349,0.2325024682400349,True,calibrated_probability,valid,contract=valid; ordered feature contract validated; prediction=ok,step5_core_features_v1,hgb,74.47561,0.0164,0.2117647768225781,0.2325024682400349,0.2327249189518919,0.6282189125243007,0.2890394862295629,0.3129644862295629,0.3129644862295629,0.3129644862295629,74.47561,0,missing_stock,stock not covered by intraday_features.csv,,,,0.703844,0.0,0,0.0,0.0,0.5,0.0,0.0,0.5922924901185762,0.5,0.5,0.0,0.0,0.0,0.0,0.0,0.0,中,分时缺失|低置信,分时缺失|低置信,missing_stock,ok,94847676.0,5.0,17.7899,30.36,软件开发,0.55,0.5237,0.9143,neutral,83,0.0,0,29332395451,1,6ad1cf5c1043232be2984d253180e4f393cd481d,2026-07-14T12:26:17Z,auto_daily
20260714,20260715,7,002379.SZ,宏桥控股,2→3,2.0,2→3,0.92,0.015,0.35,limit_list_d,-0.0079999999999999,0.000825,-0.0088249999999999,2/2,0.2308397807713462,0.2308397807713462,0.2308397807713462,True,calibrated_probability,valid,contract=valid; ordered feature contract validated; prediction=ok,step5_core_features_v1,hgb,61.731707,0.5458931282264484,0.156589600894303,0.2308397807713462,0.3502444027146042,0.6322855073965601,0.3182180396342846,0.3270430396342846,0.3270430396342846,0.3270430396342846,61.731707,0,missing_stock,stock not covered by intraday_features.csv,,,,0.675142,0.0,0,0.0,0.0,0.5,0.0,0.0,0.4009433962264151,0.5,0.5,0.0,0.0,0.0,0.0,0.0,0.0,中,分时缺失|低置信,分时缺失|低置信,missing_stock,ok,96701475.0,5.0,9.7384,17.49,工业金属,0.55,0.5237,0.9143,neutral,83,0.0,0,29332395451,1,6ad1cf5c1043232be2984d253180e4f393cd481d,2026-07-14T12:26:17Z,auto_daily
20260714,20260715,8,001283.SZ,豪鹏科技,1→2,1.0,1→2,0.78,0.035,0.16,limit_list_d,-0.022,0.001925,-0.023925,1/1,0.2092722423546807,0.2092722423546807,0.2092722423546807,True,calibrated_probability,valid,contract=valid; ordered feature contract validated; prediction=ok,step5_core_features_v1,hgb,52.95122,0.01,0.1141723423484892,0.2092722423546807,0.1685265584096148,0.5257981355219797,0.2292372404175073,0.2531622404175073,0.2531622404175073,0.2531622404175073,52.95122,0,missing_stock,stock not covered by intraday_features.csv,,,,0.678453,0.0,0,0.0,0.0,0.5,0.0,0.0,0.42301775147929,0.5,0.5,0.0,0.0,0.0,0.0,0.0,0.0,中,分时缺失|低置信,分时缺失|低置信,missing_stock,ok,25156602.0,2.0,5.9698,46.48,电池,0.55,0.5237,0.9143,neutral,83,0.0,0,29332395451,1,6ad1cf5c1043232be2984d253180e4f393cd481d,2026-07-14T12:26:17Z,auto_daily
20260714,20260715,9,002484.SZ,江海股份,1→2,1.0,1→2,0.78,0.035,0.16,limit_list_d,-0.022,0.001925,-0.023925,1/1,0.2074025629684487,0.2074025629684487,0.2074025629684487,True,calibrated_probability,valid,contract=valid; ordered feature contract validated; prediction=ok,step5_core_features_v1,hgb,56.317073,0.83,0.162343989296479,0.2074025629684487,0.2131241262030795,0.6981198519377723,0.297737093924068,0.3216620939240679,0.3216620939240679,0.3216620939240679,56.317073,0,missing_stock,stock not covered by intraday_features.csv,,,,0.698697,0.0,0,0.0,0.0,0.5,0.0,0.0,0.557977026164646,0.5,0.5,0.0,0.0,0.0,0.0,0.0,0.0,中,分时缺失|低置信,分时缺失|低置信,missing_stock,ok,186273828.0,1.0,4.7759,86.19,元件,0.55,0.5237,0.9143,neutral,83,0.0,0,29332395451,1,6ad1cf5c1043232be2984d253180e4f393cd481d,2026-07-14T12:26:17Z,auto_daily
20260714,20260715,10,300566.SZ,激智科技,1→2,1.0,1→2,0.78,0.035,0.16,limit_list_d,-0.022,0.001925,-0.023925,1/1,0.2057232545807721,0.2057232545807721,0.2057232545807721,True,calibrated_probability,valid,contract=valid; ordered feature contract validated; prediction=ok,step5_core_features_v1,hgb,73.195122,0.0164,0.1976369027459605,0.2057232545807721,0.23150592520941,0.6680534383844552,0.267733060668079,0.291658060668079,0.291658060668079,0.291658060668079,73.195122,0,missing_stock,stock not covered by intraday_features.csv,,,,0.707401,0.0,0,0.0,0.0,0.5,0.0,0.0,0.6160079051383403,0.5,0.5,0.0,0.0,0.0,0.0,0.0,0.0,中,分时缺失|低置信,分时缺失|低置信,missing_stock,ok,90745395.0,2.0,14.6919,33.4,光学光电,0.55,0.5237,0.9143,neutral,83,0.0,0,29332395451,1,6ad1cf5c1043232be2984d253180e4f393cd481d,2026-07-14T12:26:17Z,auto_daily
20260714,20260715,1,002384.SZ,东山精密,1→2,1.0,1→2,0.78,0.035,0.16,limit_list_d,-0.022,0.001925,-0.023925,2/4,0.3212706486557726,0.3212706486557726,0.3212706486557726,True,calibrated_probability,valid,contract=valid; ordered feature contract validated; prediction=ok,step5_core_features_v1,hgb,60.646341,0.8363999999999999,0.7776798496854483,0.3212706486557726,0.3294943534505745,0.7476799609590666,0.3865955975975024,0.4105205975975024,0.4105205975975024,0.4105205975975024,60.646341,0,missing_stock,stock not covered by intraday_features.csv,,,,0.700827,0.0,0,0.0,0.0,0.5,0.0,0.0,0.5721799746514578,0.5,0.5,0.0,0.0,0.0,0.0,0.0,0.0,中,分时缺失|低置信,分时缺失|低置信,missing_stock,ok,1179007694.0,0.0,6.8865,260.37,元件,0.55,0.55,0.93,neutral,83,0.0,0,29334010621,1,0dd9f07c04fbfc8a596b3108e7aba099363b4124,2026-07-14T12:51:08Z,auto_daily
20260714,20260715,2,600183.SH,生益科技,1→2,1.0,1→2,0.78,0.035,0.16,limit_list_d,-0.022,0.001925,-0.023925,1/1,0.2598540750655523,0.2598540750655523,0.2598540750655523,True,calibrated_probability,valid,contract=valid; ordered feature contract validated; prediction=ok,step5_core_features_v1,hgb,56.280488,0.83,0.685956142026541,0.2598540750655523,0.288764817326869,0.6909479285191428,0.3343799823920406,0.3583049823920405,0.3583049823920405,0.3583049823920405,56.280488,0,missing_stock,stock not covered by intraday_features.csv,,,,0.719451,0.0,0,0.0,0.0,0.5,0.0,0.0,0.6963369282261066,0.5,0.5,0.0,0.0,0.0,0.0,0.0,0.0,中,分时缺失|低置信,分时缺失|低置信,missing_stock,ok,1050002295.0,1.0,3.381,147.9,元件,0.55,0.55,0.93,neutral,83,0.0,0,29334010621,1,0dd9f07c04fbfc8a596b3108e7aba099363b4124,2026-07-14T12:51:08Z,auto_daily
20260714,20260715,3,001389.SZ,广合科技,1→2,1.0,1→2,0.78,0.035,0.16,limit_list_d,-0.022,0.001925,-0.023925,1/1,0.2540383601271458,0.2540383601271458,0.2540383601271458,True,calibrated_probability,valid,contract=valid; ordered feature contract validated; prediction=ok,step5_core_features_v1,hgb,61.036585,0.83,0.2256086007476009,0.2540383601271458,0.2028004185192253,0.7449037102573302,0.339821175935156,0.363746175935156,0.363746175935156,0.363746175935156,61.036585,0,missing_stock,stock not covered by intraday_features.csv,,,,0.690111,0.0,0,0.0,0.0,0.5,0.0,0.0,0.5007392075694861,0.5,0.5,0.0,0.0,0.0,0.0,0.0,0.0,中,分时缺失|低置信,分时缺失|低置信,missing_stock,ok,285373751.0,1.0,8.9539,186.01,元件,0.55,0.55,0.93,neutral,83,0.0,0,29334010621,1,0dd9f07c04fbfc8a596b3108e7aba099363b4124,2026-07-14T12:51:08Z,auto_daily
20260714,20260715,4,002463.SZ,沪电股份,1→2,1.0,1→2,0.78,0.035,0.16,limit_list_d,-0.022,0.001925,-0.023925,1/1,0.2419579616163538,0.2419579616163538,0.2419579616163538,True,calibrated_probability,valid,contract=valid; ordered feature contract validated; prediction=ok,step5_core_features_v1,hgb,57.95122,0.8363999999999999,0.1954446942670973,0.2419579616163538,0.2385316572903632,0.6892595979817433,0.3256864746699093,0.3496114746699093,0.3496114746699093,0.3496114746699093,57.95122,0,missing_stock,stock not covered by intraday_features.csv,,,,0.710584,0.0,0,0.0,0.0,0.5,0.0,0.0,0.637229263596985,0.5,0.5,0.0,0.0,0.0,0.0,0.0,0.0,中,分时缺失|低置信,分时缺失|低置信,missing_stock,ok,252705495.0,2.0,4.8897,137.13,元件,0.55,0.55,0.93,neutral,83,0.0,0,29334010621,1,0dd9f07c04fbfc8a596b3108e7aba099363b4124,2026-07-14T12:51:08Z,auto_daily
20260714,20260715,5,002245.SZ,蔚蓝锂芯,1→2,1.0,1→2,0.78,0.035,0.16,limit_list_d,-0.022,0.001925,-0.023925,1/1,0.2408347263123073,0.2408347263123073,0.2408347263123073,True,calibrated_probability,valid,contract=valid; ordered feature contract validated; prediction=ok,step5_core_features_v1,hgb,60.378049,0.0164,0.1490108468010009,0.2408347263123073,0.215711084522293,0.6074181955154898,0.2666769448801536,0.2906019448801536,0.2906019448801536,0.2906019448801536,60.378049,0,missing_stock,stock not covered by intraday_features.csv,,,,0.687713,0.0,0,0.0,0.0,0.5,0.0,0.0,0.4847551342812013,0.5,0.5,0.0,0.0,0.0,0.0,0.0,0.0,中,分时缺失|低置信,分时缺失|低置信,missing_stock,ok,71633669.0,1.0,10.6016,20.89,电池,0.55,0.55,0.93,neutral,83,0.0,0,29334010621,1,0dd9f07c04fbfc8a596b3108e7aba099363b4124,2026-07-14T12:51:08Z,auto_daily
20260714,20260715,6,300209.SZ,行云科技,1→2,1.0,1→2,0.78,0.035,0.16,limit_list_d,-0.022,0.001925,-0.023925,1/1,0.2325024682400349,0.2325024682400349,0.2325024682400349,True,calibrated_probability,valid,contract=valid; ordered feature contract validated; prediction=ok,step5_core_features_v1,hgb,74.47561,0.0164,0.2117647768225781,0.2325024682400349,0.2327249189518919,0.6282189125243007,0.289039486229563,0.312964486229563,0.312964486229563,0.312964486229563,74.47561,0,missing_stock,stock not covered by intraday_features.csv,,,,0.703844,0.0,0,0.0,0.0,0.5,0.0,0.0,0.5922924901185762,0.5,0.5,0.0,0.0,0.0,0.0,0.0,0.0,中,分时缺失|低置信,分时缺失|低置信,missing_stock,ok,94847676.0,5.0,17.7899,30.36,软件开发,0.55,0.55,0.93,neutral,83,0.0,0,29334010621,1,0dd9f07c04fbfc8a596b3108e7aba099363b4124,2026-07-14T12:51:08Z,auto_daily
20260714,20260715,7,002379.SZ,宏桥控股,2→3,2.0,2→3,0.92,0.015,0.35,limit_list_d,-0.0079999999999999,0.000825,-0.0088249999999999,2/2,0.2308397807713462,0.2308397807713462,0.2308397807713462,True,calibrated_probability,valid,contract=valid; ordered feature contract validated; prediction=ok,step5_core_features_v1,hgb,61.731707,0.5458931282264484,0.156589600894303,0.2308397807713462,0.3502444027146042,0.6322855073965601,0.3182180396342847,0.3270430396342846,0.3270430396342846,0.3270430396342846,61.731707,0,missing_stock,stock not covered by intraday_features.csv,,,,0.675142,0.0,0,0.0,0.0,0.5,0.0,0.0,0.4009433962264151,0.5,0.5,0.0,0.0,0.0,0.0,0.0,0.0,中,分时缺失|低置信,分时缺失|低置信,missing_stock,ok,96701475.0,5.0,9.7384,17.49,工业金属,0.55,0.55,0.93,neutral,83,0.0,0,29334010621,1,0dd9f07c04fbfc8a596b3108e7aba099363b4124,2026-07-14T12:51:08Z,auto_daily
20260714,20260715,8,001283.SZ,豪鹏科技,1→2,1.0,1→2,0.78,0.035,0.16,limit_list_d,-0.022,0.001925,-0.023925,1/1,0.2092722423546807,0.2092722423546807,0.2092722423546807,True,calibrated_probability,valid,contract=valid; ordered feature contract validated; prediction=ok,step5_core_features_v1,hgb,52.95122,0.01,0.1141723423484892,0.2092722423546807,0.1685265584096148,0.5257981355219797,0.2292372404175073,0.2531622404175073,0.2531622404175073,0.2531622404175073,52.95122,0,missing_stock,stock not covered by intraday_features.csv,,,,0.678453,0.0,0,0.0,0.0,0.5,0.0,0.0,0.42301775147929,0.5,0.5,0.0,0.0,0.0,0.0,0.0,0.0,中,分时缺失|低置信,分时缺失|低置信,missing_stock,ok,25156602.0,2.0,5.9698,46.48,电池,0.55,0.55,0.93,neutral,83,0.0,0,29334010621,1,0dd9f07c04fbfc8a596b3108e7aba099363b4124,2026-07-14T12:51:08Z,auto_daily
20260714,20260715,9,002484.SZ,江海股份,1→2,1.0,1→2,0.78,0.035,0.16,limit_list_d,-0.022,0.001925,-0.023925,1/1,0.2074025629684487,0.2074025629684487,0.2074025629684487,True,calibrated_probability,valid,contract=valid; ordered feature contract validated; prediction=ok,step5_core_features_v1,hgb,56.317073,0.83,0.162343989296479,0.2074025629684487,0.2131241262030795,0.6981198519377723,0.297737093924068,0.3216620939240679,0.3216620939240679,0.3216620939240679,56.317073,0,missing_stock,stock not covered by intraday_features.csv,,,,0.698697,0.0,0,0.0,0.0,0.5,0.0,0.0,0.557977026164646,0.5,0.5,0.0,0.0,0.0,0.0,0.0,0.0,中,分时缺失|低置信,分时缺失|低置信,missing_stock,ok,186273828.0,1.0,4.7759,86.19,元件,0.55,0.55,0.93,neutral,83,0.0,0,29334010621,1,0dd9f07c04fbfc8a596b3108e7aba099363b4124,2026-07-14T12:51:08Z,auto_daily
20260714,20260715,10,300566.SZ,激智科技,1→2,1.0,1→2,0.78,0.035,0.16,limit_list_d,-0.022,0.001925,-0.023925,1/1,0.2057232545807722,0.2057232545807722,0.2057232545807722,True,calibrated_probability,valid,contract=valid; ordered feature contract validated; prediction=ok,step5_core_features_v1,hgb,73.195122,0.0164,0.1976369027459605,0.2057232545807722,0.23150592520941,0.6680534383844552,0.267733060668079,0.291658060668079,0.291658060668079,0.291658060668079,73.195122,0,missing_stock,stock not covered by intraday_features.csv,,,,0.707401,0.0,0,0.0,0.0,0.5,0.0,0.0,0.6160079051383403,0.5,0.5,0.0,0.0,0.0,0.0,0.0,0.0,中,分时缺失|低置信,分时缺失|低置信,missing_stock,ok,90745395.0,2.0,14.6919,33.4,光学光电,0.55,0.55,0.93,neutral,83,0.0,0,29334010621,1,0dd9f07c04fbfc8a596b3108e7aba099363b4124,2026-07-14T12:51:08Z,auto_daily
20260715,20260716,1,600829.SH,人民同泰,2→3,2.0,2→3,0.92,0.015,0.35,limit_list_d,-0.0079999999999999,0.000825,-0.0088249999999999,2/2,0.2610221066511218,0.2610221066511218,0.2610221066511218,True,calibrated_probability,valid,contract=valid; ordered feature contract validated; prediction=ok,step5_core_features_v1,hgb,60.408451,0.0164,0.1387799687094509,0.2610221066511218,0.3009305646120807,0.5660262880087599,0.2959689151173238,0.3047939151173238,0.3047939151173238,0.3047939151173238,60.408451,0,missing_stock,stock not covered by intraday_features.csv,,,,0.708529,0.0,0,0.0,0.0,0.5,0.0,0.0,0.6235261401557282,0.5,0.5,0.0,0.0,0.0,0.0,0.0,0.0,中,分时缺失|低置信,分时缺失|低置信,missing_stock,ok,53255167.0,1.0,4.2414,9.89,医药商业,0.53,0.544,0.9264,neutral,72,0.0,0,29415263397,1,d24ee7c2687f55167ce9fdbf2af749b90c1c780b,2026-07-15T12:28:36Z,auto_daily
20260715,20260716,2,600664.SH,哈药股份,4→5,4.0,4→5,1.1,0.005,0.515,limit_list_d,0.01,0.000275,0.009725,4/4,0.2555962641497505,0.2555962641497505,0.2555962641497505,True,calibrated_probability,valid,contract=valid; ordered feature contract validated; prediction=ok,step5_core_features_v1,hgb,66.985915,0.8363999999999999,0.3006698544021944,0.2555962641497505,0.1995055447228011,0.7597267296950954,0.386952676443287,0.377227676443287,0.377227676443287,0.377227676443287,66.985915,0,missing_stock,stock not covered by intraday_features.csv,,,,0.735441,0.0,0,0.0,0.0,0.5,0.0,0.0,0.8029411764705884,0.5,0.5,0.0,0.0,0.0,0.0,0.0,0.0,中,分时缺失|低置信,分时缺失|低置信,missing_stock,ok,440212742.0,0.0,4.4293,4.49,化学制药,0.53,0.544,0.9264,neutral,72,0.0,0,29415263397,1,d24ee7c2687f55167ce9fdbf2af749b90c1c780b,2026-07-15T12:28:36Z,auto_daily
20260715,20260716,3,002739.SZ,儒意电影,1→2,1.0,1→2,0.78,0.035,0.16,limit_list_d,-0.022,0.001925,-0.023925,1/1,0.2483914709264973,0.2483914709264973,0.2483914709264973,True,calibrated_probability,valid,contract=valid; ordered feature contract validated; prediction=ok,step5_core_features_v1,hgb,56.201776,0.0164,0.1520516703089499,0.2483914709264973,0.2623406776909912,0.5150832936888856,0.2857756401100867,0.2875391201100867,0.2875391201100867,0.2875391201100867,56.201776,1,ok,,20260715.0,intraday_refine_v2,002739.SZ,0.832624,0.103424,0,0.1034244,0.0,0.732878,1.0,0.2,0.7805978898007042,0.5,0.8,1.0,0.0308156,0.00865408,0.0,0.00865408,0.00865408,低,健康涨停,健康涨停,ok,ok,163478598.0,3.0,4.5711,9.38,影视院线,0.53,0.544,0.9264,neutral,72,0.0,0,29415263397,1,d24ee7c2687f55167ce9fdbf2af749b90c1c780b,2026-07-15T12:28:36Z,auto_daily
20260715,20260716,4,002303.SZ,美盈森,1→2,1.0,1→2,0.78,0.035,0.16,limit_list_d,-0.022,0.001925,-0.023925,1/1,0.2251140988845186,0.2251140988845186,0.2251140988845186,True,calibrated_probability,valid,contract=valid; ordered feature contract validated; prediction=ok,step5_core_features_v1,hgb,58.558276,0.01,0.1607605117540802,0.2251140988845186,0.1964535055139376,0.5042983558982119,0.1503476519883937,0.2754656519883938,0.2754656519883938,0.2754656519883938,58.558276,1,ok,,20260715.0,intraday_refine_v2,002303.SZ,0.36228,0.45,1,0.45816975,0.0,0.0,14.0,1.0,0.5818681318681328,0.5,0.0,1.0,0.019057,0.04025,0.08,0.12025,0.12025,高,多次炸板,多次炸板,ok,ok,28361354.0,13.0,15.7527,5.01,包装印刷,0.53,0.544,0.9264,neutral,72,0.0,0,29415263397,1,d24ee7c2687f55167ce9fdbf2af749b90c1c780b,2026-07-15T12:28:36Z,auto_daily
20260715,20260716,5,002365.SZ,永安药业,1→2,1.0,1→2,0.78,0.035,0.16,limit_list_d,-0.022,0.001925,-0.023925,1/1,0.220596538304093,0.220596538304093,0.220596538304093,True,calibrated_probability,valid,contract=valid; ordered feature contract validated; prediction=ok,step5_core_features_v1,hgb,72.744718,0.83,0.1778572367035914,0.220596538304093,0.2581113883063136,0.8186802561165706,0.365363931659019,0.363753166659019,0.363753166659019,0.363753166659019,72.744718,1,ok,,20260715.0,intraday_refine_v2,002365.SZ,0.778081,0.087028,0,0.0870284,0.0,0.564858,0.0,0.0,0.6318181818181816,0.5,0.7,1.0,0.029452025,0.0039162599999999,0.0,0.0039162599999999,0.0039162599999999,低,健康涨停,健康涨停,ok,ok,114056572.0,0.0,9.9487,11.98,化学制药,0.53,0.544,0.9264,neutral,72,0.0,0,29415263397,1,d24ee7c2687f55167ce9fdbf2af749b90c1c780b,2026-07-15T12:28:36Z,auto_daily
20260715,20260716,6,002558.SZ,巨人网络,1→2,1.0,1→2,0.78,0.035,0.16,limit_list_d,-0.022,0.001925,-0.023925,1/1,0.2187062668522328,0.2187062668522328,0.2187062668522328,True,calibrated_probability,valid,contract=valid; ordered feature contract validated; prediction=ok,step5_core_features_v1,hgb,62.820936,0.0164,0.1770461012801157,0.2187062668522328,0.2072721147493261,0.5113658380435003,0.2586129522581015,0.2799977972581015,0.2799977972581015,0.2799977972581015,62.820936,1,ok,,20260715.0,intraday_refine_v2,002558.SZ,0.603582,0.234431,0,0.256875,0.0,0.577845,3.0,0.6,0.3673799776702642,0.5,0.34,1.0,0.02508955,0.022549395,0.0,0.022549395,0.022549395,低,多次炸板,多次炸板,ok,ok,124423626.0,6.0,7.9467,29.56,游戏Ⅱ,0.53,0.544,0.9264,neutral,72,0.0,0,29415263397,1,d24ee7c2687f55167ce9fdbf2af749b90c1c780b,2026-07-15T12:28:36Z,auto_daily
20260715,20260716,7,603538.SH,美诺华,1→2,1.0,1→2,0.78,0.035,0.16,limit_list_d,-0.022,0.001925,-0.023925,2/4,0.2040835522801691,0.2040835522801691,0.2040835522801691,True,calibrated_probability,valid,contract=valid; ordered feature contract validated; prediction=ok,step5_core_features_v1,hgb,62.211268,0.8363999999999999,0.1801848366002297,0.2040835522801691,0.1728158740817628,0.6935391151842952,0.30769448413458,0.33161948413458,0.33161948413458,0.33161948413458,62.211268,0,missing_stock,stock not covered by intraday_features.csv,,,,0.646957,0.0,0,0.0,0.0,0.5,0.0,0.0,0.2130465444287719,0.5,0.5,0.0,0.0,0.0,0.0,0.0,0.0,中,分时缺失|低置信,分时缺失|低置信,missing_stock,ok,106814370.0,3.0,30.43,39.0,化学制药,0.53,0.544,0.9264,neutral,72,0.0,0,29415263397,1,d24ee7c2687f55167ce9fdbf2af749b90c1c780b,2026-07-15T12:28:36Z,auto_daily
20260715,20260716,8,603127.SH,昭衍新药,1→2,1.0,1→2,0.78,0.035,0.16,limit_list_d,-0.022,0.001925,-0.023925,2/4,0.1928694174447127,0.1928694174447127,0.1928694174447127,True,calibrated_probability,valid,contract=valid; ordered feature contract validated; prediction=ok,step5_core_features_v1,hgb,59.140845,0.6729057079444091,0.2507887076950919,0.1928694174447127,0.1437156037753229,0.677201922908417,0.2811272597454843,0.3050522597454843,0.3050522597454843,0.3050522597454843,59.140845,0,missing_stock,stock not covered by intraday_features.csv,,,,0.765,0.0,0,0.0,0.0,0.5,0.0,0.0,1.0,0.5,0.5,0.0,0.0,0.0,0.0,0.0,0.0,中,分时缺失|低置信,分时缺失|低置信,missing_stock,ok,371543055.0,2.0,6.9283,50.62,医疗服务,0.53,0.544,0.9264,neutral,72,0.0,0,29415263397,1,d24ee7c2687f55167ce9fdbf2af749b90c1c780b,2026-07-15T12:28:36Z,auto_daily
20260715,20260716,9,603580.SH,艾艾精工,2→3,2.0,2→3,0.92,0.015,0.35,limit_list_d,-0.0079999999999999,0.000825,-0.0088249999999999,4/5,0.1916529297179246,0.1916529297179246,0.1916529297179246,True,calibrated_probability,valid,contract=valid; ordered feature contract validated; prediction=ok,step5_core_features_v1,hgb,53.352113,0.01,0.1779360083155617,0.1916529297179246,0.2443472777689828,0.5366304369000556,0.232805507571778,0.241630507571778,0.241630507571778,0.241630507571778,53.352113,0,missing_stock,stock not covered by intraday_features.csv,,,,0.765,0.0,0,0.0,0.0,0.5,0.0,0.0,1.0,0.5,0.5,0.0,0.0,0.0,0.0,0.0,0.0,中,分时缺失|低置信,分时缺失|低置信,missing_stock,ok,235842482.0,0.0,0.0797,37.13,塑料,0.53,0.544,0.9264,neutral,72,0.0,0,29415263397,1,d24ee7c2687f55167ce9fdbf2af749b90c1c780b,2026-07-15T12:28:36Z,auto_daily
20260715,20260716,10,002517.SZ,恺英网络,1→2,1.0,1→2,0.78,0.035,0.16,limit_list_d,-0.022,0.001925,-0.023925,1/1,0.1884109566156624,0.1884109566156624,0.1884109566156624,True,calibrated_probability,valid,contract=valid; ordered feature contract validated; prediction=ok,step5_core_features_v1,hgb,61.908492,0.0164,0.150109714846397,0.1884109566156624,0.1778798175250855,0.6016816924067089,0.2582908920925023,0.2569661920925022,0.2569661920925022,0.2569661920925022,61.908492,1,ok,,20260715.0,intraday_refine_v2,002517.SZ,0.735988,0.07,0,0.09,0.0,0.65,0.0,0.0,0.4115877080665811,0.5,0.45,1.0,0.0283997,0.00315,0.0,0.00315,0.00315,低,健康涨停,健康涨停,ok,ok,95565468.0,0.0,6.3102,17.18,游戏Ⅱ,0.53,0.544,0.9264,neutral,72,0.0,0,29415263397,1,d24ee7c2687f55167ce9fdbf2af749b90c1c780b,2026-07-15T12:28:36Z,auto_daily
20260715,20260716,1,600829.SH,人民同泰,2→3,2.0,2→3,0.92,0.015,0.35,limit_list_d,-0.0079999999999999,0.000825,-0.0088249999999999,2/2,0.2610221066511218,0.2610221066511218,0.2610221066511218,True,calibrated_probability,valid,contract=valid; ordered feature contract validated; prediction=ok,step5_core_features_v1,hgb,60.408451,0.0164,0.138779968709451,0.2610221066511218,0.3009305646120806,0.5660262880087599,0.2959689151173238,0.3047939151173238,0.3047939151173238,0.3047939151173238,60.408451,0,missing_stock,stock not covered by intraday_features.csv,,,,0.708529,0.0,0,0.0,0.0,0.5,0.0,0.0,0.6235261401557282,0.5,0.5,0.0,0.0,0.0,0.0,0.0,0.0,中,分时缺失|低置信,分时缺失|低置信,missing_stock,ok,53255167.0,1.0,4.2414,9.89,医药商业,0.53,0.53,0.918,neutral,72,0.0,0,29417000544,1,de414ca6282b7f1d177dfd8aee2fc994b95ddc66,2026-07-15T12:55:01Z,auto_daily
20260715,20260716,2,600664.SH,哈药股份,4→5,4.0,4→5,1.1,0.005,0.515,limit_list_d,0.01,0.000275,0.009725,4/4,0.2555962641497505,0.2555962641497505,0.2555962641497505,True,calibrated_probability,valid,contract=valid; ordered feature contract validated; prediction=ok,step5_core_features_v1,hgb,66.985915,0.8363999999999999,0.3006698544021944,0.2555962641497505,0.1995055447228011,0.7597267296950954,0.3869526764432869,0.377227676443287,0.377227676443287,0.377227676443287,66.985915,0,missing_stock,stock not covered by intraday_features.csv,,,,0.735441,0.0,0,0.0,0.0,0.5,0.0,0.0,0.8029411764705884,0.5,0.5,0.0,0.0,0.0,0.0,0.0,0.0,中,分时缺失|低置信,分时缺失|低置信,missing_stock,ok,440212742.0,0.0,4.4293,4.49,化学制药,0.53,0.53,0.918,neutral,72,0.0,0,29417000544,1,de414ca6282b7f1d177dfd8aee2fc994b95ddc66,2026-07-15T12:55:01Z,auto_daily
20260715,20260716,3,002739.SZ,儒意电影,1→2,1.0,1→2,0.78,0.035,0.16,limit_list_d,-0.022,0.001925,-0.023925,1/1,0.2483914709264973,0.2483914709264973,0.2483914709264973,True,calibrated_probability,valid,contract=valid; ordered feature contract validated; prediction=ok,step5_core_features_v1,hgb,56.201776,0.0164,0.1520516703089499,0.2483914709264973,0.2623406776909911,0.5150832936888856,0.2857756401100866,0.2875391201100866,0.2875391201100866,0.2875391201100866,56.201776,1,ok,,20260715.0,intraday_refine_v2,002739.SZ,0.832624,0.103424,0,0.1034244,0.0,0.732878,1.0,0.2,0.7805978898007042,0.5,0.8,1.0,0.0308156,0.00865408,0.0,0.00865408,0.00865408,低,健康涨停,健康涨停,ok,ok,163478598.0,3.0,4.5711,9.38,影视院线,0.53,0.53,0.918,neutral,72,0.0,0,29417000544,1,de414ca6282b7f1d177dfd8aee2fc994b95ddc66,2026-07-15T12:55:01Z,auto_daily
20260715,20260716,4,002303.SZ,美盈森,1→2,1.0,1→2,0.78,0.035,0.16,limit_list_d,-0.022,0.001925,-0.023925,1/1,0.2251140988845185,0.2251140988845185,0.2251140988845185,True,calibrated_probability,valid,contract=valid; ordered feature contract validated; prediction=ok,step5_core_features_v1,hgb,58.558276,0.01,0.1607605117540801,0.2251140988845185,0.1964535055139376,0.5042983558982119,0.1503476519883937,0.2754656519883938,0.2754656519883938,0.2754656519883938,58.558276,1,ok,,20260715.0,intraday_refine_v2,002303.SZ,0.36228,0.45,1,0.45816975,0.0,0.0,14.0,1.0,0.5818681318681328,0.5,0.0,1.0,0.019057,0.04025,0.08,0.12025,0.12025,高,多次炸板,多次炸板,ok,ok,28361354.0,13.0,15.7527,5.01,包装印刷,0.53,0.53,0.918,neutral,72,0.0,0,29417000544,1,de414ca6282b7f1d177dfd8aee2fc994b95ddc66,2026-07-15T12:55:01Z,auto_daily
20260715,20260716,5,002365.SZ,永安药业,1→2,1.0,1→2,0.78,0.035,0.16,limit_list_d,-0.022,0.001925,-0.023925,1/1,0.220596538304093,0.220596538304093,0.220596538304093,True,calibrated_probability,valid,contract=valid; ordered feature contract validated; prediction=ok,step5_core_features_v1,hgb,72.744718,0.83,0.1778572367035913,0.220596538304093,0.2581113883063135,0.8186802561165706,0.365363931659019,0.363753166659019,0.363753166659019,0.363753166659019,72.744718,1,ok,,20260715.0,intraday_refine_v2,002365.SZ,0.778081,0.087028,0,0.0870284,0.0,0.564858,0.0,0.0,0.6318181818181816,0.5,0.7,1.0,0.029452025,0.0039162599999999,0.0,0.0039162599999999,0.0039162599999999,低,健康涨停,健康涨停,ok,ok,114056572.0,0.0,9.9487,11.98,化学制药,0.53,0.53,0.918,neutral,72,0.0,0,29417000544,1,de414ca6282b7f1d177dfd8aee2fc994b95ddc66,2026-07-15T12:55:01Z,auto_daily
20260715,20260716,6,002558.SZ,巨人网络,1→2,1.0,1→2,0.78,0.035,0.16,limit_list_d,-0.022,0.001925,-0.023925,1/1,0.2187062668522328,0.2187062668522328,0.2187062668522328,True,calibrated_probability,valid,contract=valid; ordered feature contract validated; prediction=ok,step5_core_features_v1,hgb,62.820936,0.0164,0.1770461012801156,0.2187062668522328,0.2072721147493261,0.5113658380435003,0.2586129522581015,0.2799977972581015,0.2799977972581015,0.2799977972581015,62.820936,1,ok,,20260715.0,intraday_refine_v2,002558.SZ,0.603582,0.234431,0,0.256875,0.0,0.577845,3.0,0.6,0.3673799776702642,0.5,0.34,1.0,0.02508955,0.022549395,0.0,0.022549395,0.022549395,低,多次炸板,多次炸板,ok,ok,124423626.0,6.0,7.9467,29.56,游戏Ⅱ,0.53,0.53,0.918,neutral,72,0.0,0,29417000544,1,de414ca6282b7f1d177dfd8aee2fc994b95ddc66,2026-07-15T12:55:01Z,auto_daily
20260715,20260716,7,603538.SH,美诺华,1→2,1.0,1→2,0.78,0.035,0.16,limit_list_d,-0.022,0.001925,-0.023925,2/4,0.2040835522801691,0.2040835522801691,0.2040835522801691,True,calibrated_probability,valid,contract=valid; ordered feature contract validated; prediction=ok,step5_core_features_v1,hgb,62.211268,0.8363999999999999,0.1801848366002297,0.2040835522801691,0.1728158740817628,0.6935391151842952,0.30769448413458,0.33161948413458,0.33161948413458,0.33161948413458,62.211268,0,missing_stock,stock not covered by intraday_features.csv,,,,0.646957,0.0,0,0.0,0.0,0.5,0.0,0.0,0.2130465444287719,0.5,0.5,0.0,0.0,0.0,0.0,0.0,0.0,中,分时缺失|低置信,分时缺失|低置信,missing_stock,ok,106814370.0,3.0,30.43,39.0,化学制药,0.53,0.53,0.918,neutral,72,0.0,0,29417000544,1,de414ca6282b7f1d177dfd8aee2fc994b95ddc66,2026-07-15T12:55:01Z,auto_daily
20260715,20260716,8,603127.SH,昭衍新药,1→2,1.0,1→2,0.78,0.035,0.16,limit_list_d,-0.022,0.001925,-0.023925,2/4,0.1928694174447127,0.1928694174447127,0.1928694174447127,True,calibrated_probability,valid,contract=valid; ordered feature contract validated; prediction=ok,step5_core_features_v1,hgb,59.140845,0.6729057079444091,0.2507887076950919,0.1928694174447127,0.1437156037753229,0.677201922908417,0.2811272597454843,0.3050522597454843,0.3050522597454843,0.3050522597454843,59.140845,0,missing_stock,stock not covered by intraday_features.csv,,,,0.765,0.0,0,0.0,0.0,0.5,0.0,0.0,1.0,0.5,0.5,0.0,0.0,0.0,0.0,0.0,0.0,中,分时缺失|低置信,分时缺失|低置信,missing_stock,ok,371543055.0,2.0,6.9283,50.62,医疗服务,0.53,0.53,0.918,neutral,72,0.0,0,29417000544,1,de414ca6282b7f1d177dfd8aee2fc994b95ddc66,2026-07-15T12:55:01Z,auto_daily
20260715,20260716,9,603580.SH,艾艾精工,2→3,2.0,2→3,0.92,0.015,0.35,limit_list_d,-0.0079999999999999,0.000825,-0.0088249999999999,4/5,0.1916529297179245,0.1916529297179245,0.1916529297179245,True,calibrated_probability,valid,contract=valid; ordered feature contract validated; prediction=ok,step5_core_features_v1,hgb,53.352113,0.01,0.1779360083155617,0.1916529297179245,0.2443472777689828,0.5366304369000556,0.232805507571778,0.241630507571778,0.241630507571778,0.241630507571778,53.352113,0,missing_stock,stock not covered by intraday_features.csv,,,,0.765,0.0,0,0.0,0.0,0.5,0.0,0.0,1.0,0.5,0.5,0.0,0.0,0.0,0.0,0.0,0.0,中,分时缺失|低置信,分时缺失|低置信,missing_stock,ok,235842482.0,0.0,0.0797,37.13,塑料,0.53,0.53,0.918,neutral,72,0.0,0,29417000544,1,de414ca6282b7f1d177dfd8aee2fc994b95ddc66,2026-07-15T12:55:01Z,auto_daily
20260715,20260716,10,002517.SZ,恺英网络,1→2,1.0,1→2,0.78,0.035,0.16,limit_list_d,-0.022,0.001925,-0.023925,1/1,0.1884109566156624,0.1884109566156624,0.1884109566156624,True,calibrated_probability,valid,contract=valid; ordered feature contract validated; prediction=ok,step5_core_features_v1,hgb,61.908492,0.0164,0.150109714846397,0.1884109566156624,0.1778798175250855,0.6016816924067089,0.2582908920925022,0.2569661920925022,0.2569661920925022,0.2569661920925022,61.908492,1,ok,,20260715.0,intraday_refine_v2,002517.SZ,0.735988,0.07,0,0.09,0.0,0.65,0.0,0.0,0.4115877080665811,0.5,0.45,1.0,0.0283997,0.00315,0.0,0.00315,0.00315,低,健康涨停,健康涨停,ok,ok,95565468.0,0.0,6.3102,17.18,游戏Ⅱ,0.53,0.53,0.918,neutral,72,0.0,0,29417000544,1,de414ca6282b7f1d177dfd8aee2fc994b95ddc66,2026-07-15T12:55:01Z,auto_daily
20260716,20260717,1,603716.SH,塞力医疗,1→2,1.0,1→2,0.78,0.035,0.16,limit_list_d,-0.022,0.0019250000000000003,-0.023925,1/1,0.30307139557796925,0.30307139557796925,0.30307139557796925,True,calibrated_probability,valid,contract=valid; ordered feature contract validated; prediction=ok,step5_core_features_v1,hgb,74.317073,0.0164,0.2036841533818491,0.30307139557796925,0.3384898277598393,0.6937944896274042,0.338120661366117,0.362045661366117,0.362045661366117,0.362045661366117,74.317073,0,missing_stock,stock not covered by intraday_features.csv,,,,0.664684,0.0,0,0.0,0.0,0.5,0.0,0.0,0.33122866894197883,0.5,0.5,0.0,0.0,0.0,0.0,0.0,0.0,中,分时缺失|低置信,分时缺失|低置信,missing_stock,ok,127361895.0,0.0,12.1287,16.12,医药商业,0.455,0.5075,0.9045,neutral,42,0.0,0,29499771890,1,c461edc4ffc883e5d8149cc5dcf4c466890df7f6,2026-07-16T12:52:34Z,auto_daily
20260716,20260717,2,002173.SZ,创新医疗,1→2,1.0,1→2,0.78,0.035,0.16,limit_list_d,-0.022,0.0019250000000000003,-0.023925,1/1,0.20789101968346352,0.20789101968346352,0.20789101968346352,True,calibrated_probability,valid,contract=valid; ordered feature contract validated; prediction=ok,step5_core_features_v1,hgb,67.748783,0.542559794893115,0.17127138439873218,0.20789101968346352,0.16628255961657132,0.705232042767049,0.3227632386163565,0.32275664861635645,0.32275664861635645,0.32275664861635645,67.748783,1,ok,,20260716,intraday_refine_v2,002173.SZ,0.732805,0.097523,0,0.09752300000000001,0.0,0.512385,0.0,0.0,0.5484227129337537,0.5,0.57,1.0,0.028320125,0.004388535,0.0,0.004388535,0.004388535,低,健康涨停,健康涨停,ok,ok,108202992.0,3.0,11.6424,17.44,医疗服务,0.455,0.5075,0.9045,neutral,42,0.0,0,29499771890,1,c461edc4ffc883e5d8149cc5dcf4c466890df7f6,2026-07-16T12:52:34Z,auto_daily
20260716,20260717,3,603580.SH,艾艾精工,3→4,3.0,3→4,1.1,0.0,0.43,limit_list_d,0.010000000000000009,0.0,0.010000000000000009,5/6,0.20729872451673048,0.20729872451673048,0.20729872451673048,True,calibrated_probability,valid,contract=valid; ordered feature contract validated; prediction=ok,step5_core_features_v1,hgb,45.780488,0.42726117737932134,0.1658219893870739,0.20729872451673048,0.1722468010894883,0.5800254824533964,0.27953632757550534,0.26953632757550533,0.26953632757550533,0.26953632757550533,45.780488,0,missing_stock,stock not covered by intraday_features.csv,,,,0.765,0.0,0,0.0,0.0,0.5,0.0,0.0,1.0,0.5,0.5,0.0,0.0,0.0,0.0,0.0,0.0,中,分时缺失|低置信,分时缺失|低置信,missing_stock,ok,271904552.0,0.0,0.1128,40.84,塑料,0.455,0.5075,0.9045,neutral,42,0.0,0,29499771890,1,c461edc4ffc883e5d8149cc5dcf4c466890df7f6,2026-07-16T12:52:34Z,auto_daily
20260716,20260717,4,600664.SH,哈药股份,5→6,5.0,5→6,1.0,0.045,0.535,limit_list_d,0.0,0.0024749999999999998,-0.0024749999999999998,5/5,0.205684895265222,0.205684895265222,0.205684895265222,True,calibrated_probability,valid,contract=valid; ordered feature contract validated; prediction=ok,step5_core_features_v1,hgb,71.483244,0.6776390412777423,0.2370686202342958,0.205684895265222,0.19990311211846187,0.7636719716456626,0.36233121478394337,0.33907199478394334,0.33907199478394334,0.33907199478394334,71.483244,1,ok,,20260716,intraday_refine_v2,600664.SH,0.812211,0.101579,0,0.101579,0.0,0.492105,0.0,0.0,1.0,0.5,0.7,1.0,0.030305275,0.004571055,0.0,0.004571055,0.004571055,低,健康涨停,健康涨停,ok,ok,264581944.0,2.0,11.7842,4.94,化学制药,0.455,0.5075,0.9045,neutral,42,0.0,0,29499771890,1,c461edc4ffc883e5d8149cc5dcf4c466890df7f6,2026-07-16T12:52:34Z,auto_daily
20260716,20260717,5,000566.SZ,海南海药,2→3,2.0,2→3,0.92,0.015,0.35,limit_list_d,-0.007999999999999997,0.000825,-0.008824999999999996,2/2,0.17800272578943277,0.17800272578943277,0.17800272578943277,True,calibrated_probability,valid,contract=valid; ordered feature contract validated; prediction=ok,step5_core_features_v1,hgb,72.230769,0.6776390412777423,0.18215030121152936,0.17800272578943277,0.15948822530232473,0.79336422894608,0.3348444561508909,0.32118952615089086,0.32118952615089086,0.32118952615089086,72.230769,1,ok,,20260716,intraday_refine_v2,000566.SZ,0.807636,0.082466,0,0.108375,0.0,0.837672,1.0,0.2,0.6364077669902904,0.5,0.55,1.0,0.0301909,0.007710969999999999,0.0,0.007710969999999999,0.007710969999999999,低,健康涨停,健康涨停,ok,ok,87692787.0,1.0,22.746,5.67,化学制药,0.455,0.5075,0.9045,neutral,42,0.0,0,29499771890,1,c461edc4ffc883e5d8149cc5dcf4c466890df7f6,2026-07-16T12:52:34Z,auto_daily
20260716,20260717,6,600785.SH,新华百货,2→3,2.0,2→3,0.92,0.015,0.35,limit_list_d,-0.007999999999999997,0.000825,-0.008824999999999996,2/2,0.1754548463303354,0.1754548463303354,0.1754548463303354,True,calibrated_probability,valid,contract=valid; ordered feature contract validated; prediction=ok,step5_core_features_v1,hgb,67.595017,0.0164,0.1501769086706734,0.1754548463303354,0.17008888555967464,0.6478771268145095,0.27528550489277337,0.2592699648927733,0.2592699648927733,0.2592699648927733,67.595017,1,ok,,20260716,intraday_refine_v2,600785.SH,0.754385,0.089313,0,0.08931340000000001,0.0,0.553433,0.0,0.0,0.6129279811097986,0.5,0.57,1.0,0.028859625,0.004019085,0.0,0.004019085,0.004019085,低,健康涨停,健康涨停,ok,ok,42851868.0,0.0,9.5669,9.32,一般零售,0.455,0.5075,0.9045,neutral,42,0.0,0,29499771890,1,c461edc4ffc883e5d8149cc5dcf4c466890df7f6,2026-07-16T12:52:34Z,auto_daily
20260716,20260717,7,002739.SZ,儒意电影,2→3,2.0,2→3,0.92,0.015,0.35,limit_list_d,-0.007999999999999997,0.000825,-0.008824999999999996,2/2,0.17378975235948294,0.17378975235948294,0.17378975235948294,True,calibrated_probability,valid,contract=valid; ordered feature contract validated; prediction=ok,step5_core_features_v1,hgb,60.630758,0.32848472992431643,0.18920398952693826,0.17378975235948294,0.15562424412950163,0.6391694871111255,0.28384736379966247,0.26818239879966244,0.26818239879966244,0.26818239879966244,60.630758,1,ok,,20260716,intraday_refine_v2,002739.SZ,0.778855,0.110698,0,0.110698,0.0,0.446512,0.0,0.0,0.865778251599146,0.5,0.7,1.0,0.029471375,0.00498141,0.0,0.00498141,0.00498141,低,健康涨停,健康涨停,ok,ok,250140360.0,0.0,3.9508,10.32,影视院线,0.455,0.5075,0.9045,neutral,42,0.0,0,29499771890,1,c461edc4ffc883e5d8149cc5dcf4c466890df7f6,2026-07-16T12:52:34Z,auto_daily
20260716,20260717,8,603496.SH,恒为科技,1→2,1.0,1→2,0.78,0.035,0.16,limit_list_d,-0.022,0.0019250000000000003,-0.023925,1/1,0.1699288111352725,0.1699288111352725,0.1699288111352725,True,calibrated_probability,valid,contract=valid; ordered feature contract validated; prediction=ok,step5_core_features_v1,hgb,57.878049,0.010000000000000002,0.1725754329873364,0.1699288111352725,0.17717776617236505,0.5749213866246438,0.21155049656392155,0.23547549656392155,0.23547549656392155,0.23547549656392155,57.878049,0,missing_stock,stock not covered by intraday_features.csv,,,,0.670658,0.0,0,0.0,0.0,0.5,0.0,0.0,0.37105263157894713,0.5,0.5,0.0,0.0,0.0,0.0,0.0,0.0,中,分时缺失|低置信,分时缺失|低置信,missing_stock,ok,166110307.0,1.0,7.6512,25.08,计算机设,0.455,0.5075,0.9045,neutral,42,0.0,0,29499771890,1,c461edc4ffc883e5d8149cc5dcf4c466890df7f6,2026-07-16T12:52:34Z,auto_daily
20260716,20260717,9,002881.SZ,美格智能,1→2,1.0,1→2,0.78,0.035,0.16,limit_list_d,-0.022,0.0019250000000000003,-0.023925,1/1,0.16522323253608712,0.16522323253608712,0.16522323253608712,True,calibrated_probability,valid,contract=valid; ordered feature contract validated; prediction=ok,step5_core_features_v1,hgb,56.381656,0.0164,0.12057648904169675,0.16522323253608712,0.17135096549716583,0.581550870691922,0.23119762323679952,0.2296811132367995,0.2296811132367995,0.2296811132367995,56.381656,1,ok,,20260716,intraday_refine_v2,002881.SZ,0.758595,0.078297,0,0.078297,0.0,0.608515,0.0,0.0,0.534507042253521,0.5,0.57,1.0,0.028964875,0.003523365,0.0,0.003523365,0.003523365,低,健康涨停,健康涨停,ok,ok,42990145.0,0.0,6.7919,39.05,通信设备,0.455,0.5075,0.9045,neutral,42,0.0,0,29499771890,1,c461edc4ffc883e5d8149cc5dcf4c466890df7f6,2026-07-16T12:52:34Z,auto_daily
20260716,20260717,10,600436.SH,片仔癀,1→2,1.0,1→2,0.78,0.035,0.16,limit_list_d,-0.022,0.0019250000000000003,-0.023925,1/1,0.158722529065101,0.158722529065101,0.158722529065101,True,calibrated_probability,valid,contract=valid; ordered feature contract validated; prediction=ok,step5_core_features_v1,hgb,50.246482,0.23710875894728922,0.11940942134459115,0.158722529065101,0.15465974721607,0.5215056415960769,0.2200493796492084,0.22983786964920838,0.22983786964920838,0.22983786964920838,50.246482,1,ok,,20260716,intraday_refine_v2,600436.SH,0.720129,0.125927,0,0.15525,0.12,0.8003669999999999,1.0,0.2,0.3901496259351625,0.5,0.5,1.0,0.028003225,0.013866715000000002,0.0,0.013866715000000002,0.013866715000000002,低,健康涨停,健康涨停,ok,ok,97418624.0,3.0,2.8448,141.15,中药Ⅱ,0.455,0.5075,0.9045,neutral,42,0.0,0,29499771890,1,c461edc4ffc883e5d8149cc5dcf4c466890df7f6,2026-07-16T12:52:34Z,auto_daily
