run_time_utc,trade_date,ts_code,name,ThemeBoost,板块
2026-02-19T17:34:52Z,20260206,002112.SZ,三变科技,1.0,电气设备
2026-02-19T17:34:52Z,20260206,002339.SZ,积成电子,1.0,电气设备
2026-02-19T17:34:52Z,20260206,002506.SZ,协鑫集成,1.0,电气设备
2026-02-19T17:34:52Z,20260206,002759.SZ,天际股份,1.0,电气设备
2026-02-19T17:34:52Z,20260206,002812.SZ,恩捷股份,1.0,电气设备
2026-02-19T17:34:52Z,20260206,600537.SH,亿晶光电,1.0,电气设备
2026-02-19T17:34:52Z,20260206,600884.SH,杉杉股份,1.0,电气设备
2026-02-19T17:34:52Z,20260206,603577.SH,汇金通,1.0,电气设备
2026-02-19T17:34:52Z,20260206,603618.SH,杭电股份,1.0,电气设备
2026-02-19T17:34:52Z,20260206,002326.SZ,永太科技,0.8746272018253463,化工原料
2026-02-19T17:34:52Z,20260206,002361.SZ,神剑股份,0.8746272018253463,化工原料
2026-02-19T17:34:52Z,20260206,600722.SH,金牛化工,0.8746272018253463,化工原料
2026-02-19T17:34:52Z,20260206,002455.SZ,百川股份,0.7946272018253463,化工原料
2026-02-19T17:34:52Z,20260206,300927.SZ,江天化学,0.7946272018253463,化工原料
2026-02-19T17:34:52Z,20260206,600230.SH,沧州大化,0.7946272018253463,化工原料
2026-02-19T17:34:52Z,20260206,603916.SH,苏博特,0.7946272018253463,化工原料
2026-02-19T17:34:52Z,20260206,300461.SZ,田中精机,0.7030854212758787,专用机械
2026-02-19T17:34:52Z,20260206,301312.SZ,智立方,0.7030854212758787,专用机械
2026-02-19T17:34:52Z,20260206,002957.SZ,科瑞技术,0.6230854212758787,专用机械
2026-02-19T17:34:52Z,20260206,603331.SH,百达精工,0.6230854212758787,专用机械
2026-02-19T17:34:52Z,20260206,002412.SZ,汉森制药,0.479801681970459,中成药
2026-02-19T17:34:52Z,20260206,002644.SZ,佛慈制药,0.479801681970459,中成药
2026-02-19T17:34:52Z,20260206,002728.SZ,特一药业,0.479801681970459,中成药
2026-02-19T17:34:52Z,20260206,002864.SZ,盘龙药业,0.479801681970459,中成药
2026-02-19T17:34:52Z,20260206,603629.SH,利通电子,0.4401210427490234,元器件
2026-02-19T17:34:52Z,20260206,002916.SZ,深南电路,0.3601210427490234,元器件
2026-02-19T17:34:52Z,20260206,601231.SH,环旭电子,0.3601210427490234,元器件
2026-02-19T17:34:52Z,20260206,603626.SH,科森科技,0.3601210427490234,元器件
2026-02-19T17:34:52Z,20260206,002342.SZ,巨力索具,0.3401553699246989,机械基件
2026-02-19T17:34:52Z,20260206,002931.SZ,锋龙股份,0.3401553699246989,机械基件
2026-02-19T17:34:52Z,20260206,002150.SZ,正泰电源,0.2601553699246989,机械基件
2026-02-19T17:34:52Z,20260206,603667.SH,五洲新春,0.2601553699246989,机械基件
2026-02-19T17:34:52Z,20260206,603172.SH,万丰股份,0.2566570212508551,染料涂料
2026-02-19T17:34:52Z,20260206,002054.SZ,德美化工,0.1766570212508551,染料涂料
2026-02-19T17:34:52Z,20260206,002440.SZ,闰土股份,0.1766570212508551,染料涂料
2026-02-19T17:34:52Z,20260206,603823.SH,百合花,0.1766570212508551,染料涂料
2026-02-19T17:34:52Z,20260206,003018.SZ,金富科技,0.1286585167657964,塑料
2026-02-19T17:34:52Z,20260206,002519.SZ,银河电子,0.1069133379015616,通信设备
2026-02-19T17:34:52Z,20260206,600345.SH,长江通信,0.1069133379015616,通信设备
2026-02-19T17:34:52Z,20260206,600498.SH,烽火通信,0.1069133379015616,通信设备
2026-02-19T17:34:52Z,20260206,601869.SH,长飞光纤,0.1069133379015616,通信设备
2026-02-19T17:34:52Z,20260206,000056.SZ,皇庭国际,0.08,其他商业
2026-02-19T17:34:52Z,20260206,000995.SZ,皇台酒业,0.08,白酒
2026-02-19T17:34:52Z,20260206,001331.SZ,胜通能源,0.08,供气供热
2026-02-19T17:34:52Z,20260206,002634.SZ,棒杰股份,0.08,服饰
2026-02-19T17:34:52Z,20260206,002830.SZ,名雕股份,0.08,装修装饰
2026-02-19T17:34:52Z,20260206,300912.SZ,凯龙高科,0.08,汽车配件
2026-02-19T17:34:52Z,20260206,600759.SH,洲际油气,0.08,石油开采
2026-02-19T17:34:52Z,20260206,603122.SH,合富中国,0.08,医药商业
2026-02-19T17:34:52Z,20260206,603138.SH,海量数据,0.08,软件服务
2026-02-19T17:34:52Z,20260206,603232.SH,格尔软件,0.08,软件服务
2026-02-19T17:34:52Z,20260206,603848.SH,好太太,0.08,家居用品
2026-02-19T17:34:52Z,20260206,603876.SH,鼎胜新材,0.08,铝
2026-02-19T17:34:52Z,20260206,688530.SH,欧莱新材,0.08,半导体
2026-02-19T17:34:52Z,20260206,000973.SZ,佛塑科技,0.0486585167657964,塑料
2026-02-19T17:34:52Z,20260206,605488.SH,福莱新材,0.0486585167657964,塑料
2026-02-19T17:34:52Z,20260206,000767.SZ,晋控电力,0.0,火力发电
2026-02-19T17:34:52Z,20260206,001360.SZ,南矿集团,0.0,工程机械
2026-02-19T17:34:52Z,20260206,002009.SZ,天奇股份,0.0,工程机械
2026-02-19T17:34:52Z,20260206,002015.SZ,协鑫能科,0.0,新型电力
2026-02-19T17:34:52Z,20260206,002072.SZ,凯瑞德,0.0,商贸代理
2026-02-19T17:34:52Z,20260206,002099.SZ,海翔药业,0.0,化学制药
2026-02-19T17:34:52Z,20260206,002155.SZ,湖南黄金,0.0,黄金
2026-02-19T17:34:52Z,20260206,002207.SZ,准油股份,0.0,石油开采
2026-02-19T17:34:52Z,20260206,002345.SZ,潮宏基,0.0,服饰
2026-02-19T17:34:52Z,20260206,002378.SZ,章源钨业,0.0,小金属
2026-02-19T17:34:52Z,20260206,002624.SZ,完美世界,0.0,互联网
2026-02-19T17:34:52Z,20260206,002772.SZ,众兴菌业,0.0,种植业
2026-02-19T17:34:52Z,20260206,002800.SZ,天顺股份,0.0,仓储物流
2026-02-19T17:34:52Z,20260206,002842.SZ,翔鹭钨业,0.0,小金属
2026-02-19T17:34:52Z,20260206,002921.SZ,联诚精密,0.0,汽车配件
2026-02-19T17:34:52Z,20260206,002943.SZ,宇晶股份,0.0,机床制造
2026-02-19T17:34:52Z,20260206,003003.SZ,天元股份,0.0,广告包装
2026-02-19T17:34:52Z,20260206,003041.SZ,真爱美家,0.0,纺织
2026-02-19T17:34:52Z,20260206,600063.SH,皖维高新,0.0,化纤
2026-02-19T17:34:52Z,20260206,600686.SH,金龙汽车,0.0,汽车整车
2026-02-19T17:34:52Z,20260206,600814.SH,杭州解百,0.0,百货
2026-02-19T17:34:52Z,20260206,600987.SH,航民股份,0.0,纺织
2026-02-19T17:34:52Z,20260206,603103.SH,横店影视,0.0,影视音像
2026-02-19T17:34:52Z,20260206,603607.SH,京华激光,0.0,造纸
2026-02-19T17:34:52Z,20260206,603616.SH,韩建河山,0.0,水泥
2026-02-19T17:34:52Z,20260206,603663.SH,三祥新材,0.0,小金属
2026-02-19T17:34:52Z,20260206,603730.SH,岱美股份,0.0,汽车配件
2026-02-19T17:34:52Z,20260206,603881.SH,数据港,0.0,软件服务
2026-02-19T17:34:52Z,20260206,603958.SH,哈森股份,0.0,服饰
2026-02-19T17:34:52Z,20260206,603959.SH,百利科技,0.0,建筑工程
2026-02-19T17:33:21Z,20260209,001326.SZ,联域股份,1.0,电气设备
2026-02-19T17:33:21Z,20260209,002079.SZ,苏州固锝,1.0,电气设备
2026-02-19T17:33:21Z,20260209,002129.SZ,TCL中环,1.0,电气设备
2026-02-19T17:33:21Z,20260209,002309.SZ,中利集团,1.0,电气设备
2026-02-19T17:33:21Z,20260209,002471.SZ,中超控股,1.0,电气设备
2026-02-19T17:33:21Z,20260209,002506.SZ,协鑫集成,1.0,电气设备
2026-02-19T17:33:21Z,20260209,600481.SH,双良节能,1.0,电气设备
2026-02-19T17:33:21Z,20260209,600732.SH,爱旭股份,1.0,电气设备
2026-02-19T17:33:21Z,20260209,600875.SH,东方电气,1.0,电气设备
2026-02-19T17:33:21Z,20260209,600884.SH,杉杉股份,1.0,电气设备
2026-02-19T17:33:21Z,20260209,603031.SH,安孚科技,1.0,电气设备
2026-02-19T17:33:21Z,20260209,603191.SH,望变电气,1.0,电气设备
2026-02-19T17:33:21Z,20260209,603618.SH,杭电股份,1.0,电气设备
2026-02-19T17:33:21Z,20260209,603829.SH,洛凯股份,1.0,电气设备
2026-02-19T17:33:21Z,20260209,603985.SH,恒润股份,1.0,电气设备
2026-02-19T17:33:21Z,20260209,688503.SH,聚和材料,1.0,电气设备
2026-02-19T17:33:21Z,20260209,301232.SZ,飞沃科技,0.8746272018253463,机械基件
2026-02-19T17:33:21Z,20260209,002272.SZ,川润股份,0.7946272018253463,机械基件
2026-02-19T17:33:21Z,20260209,002438.SZ,江苏神通,0.7946272018253463,机械基件
2026-02-19T17:33:21Z,20260209,002514.SZ,宝馨科技,0.7946272018253463,机械基件
2026-02-19T17:33:21Z,20260209,002795.SZ,永和智控,0.7946272018253463,机械基件
2026-02-19T17:33:21Z,20260209,600343.SH,航天动力,0.7946272018253463,机械基件
2026-02-19T17:33:21Z,20260209,603308.SH,应流股份,0.7946272018253463,机械基件
2026-02-19T17:33:21Z,20260209,605060.SH,联德股份,0.7946272018253463,机械基件
2026-02-19T17:33:21Z,20260209,300182.SZ,捷成股份,0.7030854212758787,影视音像
2026-02-19T17:33:21Z,20260209,301262.SZ,海看股份,0.7030854212758787,影视音像
2026-02-19T17:33:21Z,20260209,603103.SH,横店影视,0.7030854212758787,影视音像
2026-02-19T17:33:21Z,20260209,000892.SZ,欢瑞世纪,0.6230854212758787,影视音像
2026-02-19T17:33:21Z,20260209,001330.SZ,博纳影业,0.6230854212758787,影视音像
2026-02-19T17:33:21Z,20260209,002343.SZ,慈文传媒,0.6230854212758787,影视音像
2026-02-19T17:33:21Z,20260209,601595.SH,上海电影,0.6230854212758787,影视音像
2026-02-19T17:33:21Z,20260209,002054.SZ,德美化工,0.559801681970459,染料涂料
2026-02-19T17:33:21Z,20260209,603980.SH,吉华集团,0.559801681970459,染料涂料
2026-02-19T17:33:21Z,20260209,002440.SZ,闰土股份,0.479801681970459,染料涂料
2026-02-19T17:33:21Z,20260209,600352.SH,浙江龙盛,0.479801681970459,染料涂料
2026-02-19T17:33:21Z,20260209,603188.SH,亚邦股份,0.479801681970459,染料涂料
2026-02-19T17:33:21Z,20260209,605566.SH,福莱蒽特,0.479801681970459,染料涂料
2026-02-19T17:33:21Z,20260209,300480.SZ,光力科技,0.4401210427490234,专用机械
2026-02-19T17:33:21Z,20260209,688025.SH,杰普特,0.4401210427490234,专用机械
2026-02-19T17:33:21Z,20260209,002534.SZ,西子洁能,0.3601210427490234,专用机械
2026-02-19T17:33:21Z,20260209,600330.SH,天通股份,0.3601210427490234,专用机械
2026-02-19T17:33:21Z,20260209,600860.SH,京城股份,0.3601210427490234,专用机械
2026-02-19T17:33:21Z,20260209,002323.SZ,雅博股份,0.2601553699246989,建筑工程
2026-02-19T17:33:21Z,20260209,300982.SZ,苏文电能,0.2601553699246989,建筑工程
2026-02-19T17:33:21Z,20260209,603163.SH,圣晖集成,0.2601553699246989,建筑工程
2026-02-19T17:33:21Z,20260209,603959.SH,百利科技,0.2601553699246989,建筑工程
2026-02-19T17:33:21Z,20260209,605598.SH,上海港湾,0.2601553699246989,建筑工程
2026-02-19T17:33:21Z,20260209,002624.SZ,完美世界,0.1869133379015616,互联网
2026-02-19T17:33:21Z,20260209,002296.SZ,辉煌科技,0.1766570212508551,通信设备
2026-02-19T17:33:21Z,20260209,300394.SZ,天孚通信,0.1766570212508551,通信设备
2026-02-19T17:33:21Z,20260209,300620.SZ,光库科技,0.1766570212508551,通信设备
2026-02-19T17:33:21Z,20260209,600590.SH,泰豪科技,0.1766570212508551,通信设备
2026-02-19T17:33:21Z,20260209,601869.SH,长飞光纤,0.1766570212508551,通信设备
2026-02-19T17:33:21Z,20260209,603629.SH,利通电子,0.1286585167657964,元器件
2026-02-19T17:33:21Z,20260209,601360.SH,三六零,0.1069133379015616,互联网
2026-02-19T17:33:21Z,20260209,603533.SH,掌阅科技,0.1069133379015616,互联网
2026-02-19T17:33:21Z,20260209,603598.SH,引力传媒,0.1069133379015616,互联网
2026-02-19T17:33:21Z,20260209,002015.SZ,协鑫能科,0.08,新型电力
2026-02-19T17:33:21Z,20260209,002218.SZ,拓日新能,0.08,新型电力
2026-02-19T17:33:21Z,20260209,002259.SZ,升达林业,0.08,供气供热
2026-02-19T17:33:21Z,20260209,002716.SZ,湖南白银,0.08,小金属
2026-02-19T17:33:21Z,20260209,300364.SZ,中文在线,0.08,出版业
2026-02-19T17:33:21Z,20260209,300912.SZ,凯龙高科,0.08,汽车配件
2026-02-19T17:33:21Z,20260209,600477.SH,杭萧钢构,0.08,钢加工
2026-02-19T17:33:21Z,20260209,600538.SH,国发股份,0.08,医药商业
2026-02-19T17:33:21Z,20260209,600683.SH,京投发展,0.08,区域地产
2026-02-19T17:33:21Z,20260209,600751.SH,海航科技,0.08,水运
2026-02-19T17:33:21Z,20260209,600969.SH,郴电国际,0.08,水力发电
2026-02-19T17:33:21Z,20260209,601515.SH,衢州东峰,0.08,广告包装
2026-02-19T17:33:21Z,20260209,603466.SH,风语筑,0.08,文教休闲
2026-02-19T17:33:21Z,20260209,603616.SH,韩建河山,0.08,水泥
2026-02-19T17:33:21Z,20260209,688435.SH,英方软件,0.08,软件服务
2026-02-19T17:33:21Z,20260209,920167.BJ,同享科技,0.08,小金属
2026-02-19T17:33:21Z,20260209,002897.SZ,意华股份,0.0486585167657964,元器件
2026-02-19T17:33:21Z,20260209,600666.SH,奥瑞德,0.0486585167657964,元器件
2026-02-19T17:33:21Z,20260209,603626.SH,科森科技,0.0486585167657964,元器件
2026-02-19T17:33:21Z,20260209,000014.SZ,沙河股份,0.0,全国地产
2026-02-19T17:33:21Z,20260209,000016.SZ,深康佳Ａ,0.0,家用电器
2026-02-19T17:33:21Z,20260209,000525.SZ,红太阳,0.0,农药化肥
2026-02-19T17:33:21Z,20260209,000534.SZ,万泽股份,0.0,生物制药
2026-02-19T17:33:21Z,20260209,000571.SZ,新大洲A,0.0,煤炭开采
2026-02-19T17:33:21Z,20260209,001217.SZ,华尔泰,0.0,化工原料
2026-02-19T17:33:21Z,20260209,001266.SZ,宏英智能,0.0,电器仪表
2026-02-19T17:33:21Z,20260209,002099.SZ,海翔药业,0.0,化学制药
2026-02-19T17:33:21Z,20260209,002412.SZ,汉森制药,0.0,中成药
2026-02-19T17:33:21Z,20260209,002429.SZ,兆驰股份,0.0,家用电器
2026-02-19T17:33:21Z,20260209,002455.SZ,百川股份,0.0,化工原料
2026-02-19T17:33:21Z,20260209,002501.SZ,利源股份,0.0,铝
2026-02-19T17:33:21Z,20260209,002623.SZ,亚玛顿,0.0,玻璃
2026-02-19T17:33:21Z,20260209,002830.SZ,名雕股份,0.0,装修装饰
2026-02-19T17:33:21Z,20260209,003018.SZ,金富科技,0.0,塑料
2026-02-19T17:33:21Z,20260209,300166.SZ,东方国信,0.0,软件服务
2026-02-19T17:33:21Z,20260209,300749.SZ,顶固集创,0.0,家居用品
2026-02-19T17:33:21Z,20260209,301231.SZ,荣信文化,0.0,出版业
2026-02-19T17:33:21Z,20260209,600076.SH,康欣新材,0.0,广告包装
2026-02-19T17:33:21Z,20260209,600172.SH,黄河旋风,0.0,矿物制品
2026-02-19T17:33:21Z,20260209,600185.SH,珠免集团,0.0,旅游服务
2026-02-19T17:33:21Z,20260209,600383.SH,金地集团,0.0,全国地产
2026-02-19T17:33:21Z,20260209,600392.SH,盛和资源,0.0,小金属
2026-02-19T17:33:21Z,20260209,600586.SH,金晶科技,0.0,玻璃
2026-02-19T17:33:21Z,20260209,600589.SH,大位科技,0.0,软件服务
2026-02-19T17:33:21Z,20260209,600722.SH,金牛化工,0.0,化工原料
2026-02-19T17:33:21Z,20260209,600841.SH,动力新科,0.0,汽车配件
2026-02-19T17:33:21Z,20260209,601222.SH,林洋能源,0.0,新型电力
2026-02-19T17:33:21Z,20260209,601778.SH,晶科科技,0.0,新型电力
2026-02-19T17:33:21Z,20260209,603212.SH,赛伍技术,0.0,塑料
2026-02-19T17:33:21Z,20260209,603301.SH,振德医疗,0.0,医疗保健
2026-02-19T17:33:21Z,20260209,603729.SH,龙韵股份,0.0,广告包装
2026-02-19T17:33:21Z,20260209,603916.SH,苏博特,0.0,化工原料
2026-02-19T17:33:21Z,20260209,603929.SH,亚翔集成,0.0,装修装饰
2026-02-19T17:33:21Z,20260209,605228.SH,神通科技,0.0,汽车配件
2026-02-19T17:33:21Z,20260209,605287.SH,德才股份,0.0,装修装饰
2026-02-19T17:30:48Z,20260210,000156.SZ,华数传媒,1.0,影视音像
2026-02-19T17:30:48Z,20260210,000892.SZ,欢瑞世纪,1.0,影视音像
2026-02-19T17:30:48Z,20260210,001330.SZ,博纳影业,1.0,影视音像
2026-02-19T17:30:48Z,20260210,002292.SZ,奥飞娱乐,1.0,影视音像
2026-02-19T17:30:48Z,20260210,002739.SZ,万达电影,1.0,影视音像
2026-02-19T17:30:48Z,20260210,002905.SZ,金逸影视,1.0,影视音像
2026-02-19T17:30:48Z,20260210,300182.SZ,捷成股份,1.0,影视音像
2026-02-19T17:30:48Z,20260210,300251.SZ,光线传媒,1.0,影视音像
2026-02-19T17:30:48Z,20260210,300528.SZ,幸福蓝海,1.0,影视音像
2026-02-19T17:30:48Z,20260210,600088.SH,中视传媒,1.0,影视音像
2026-02-19T17:30:48Z,20260210,600715.SH,文投控股,1.0,影视音像
2026-02-19T17:30:48Z,20260210,600977.SH,中国电影,1.0,影视音像
2026-02-19T17:30:48Z,20260210,601595.SH,上海电影,1.0,影视音像
2026-02-19T17:30:48Z,20260210,603103.SH,横店影视,1.0,影视音像
2026-02-19T17:30:48Z,20260210,000681.SZ,视觉中国,0.8746272018253463,互联网
2026-02-19T17:30:48Z,20260210,603598.SH,引力传媒,0.8746272018253463,互联网
2026-02-19T17:30:48Z,20260210,002624.SZ,完美世界,0.7946272018253463,互联网
2026-02-19T17:30:48Z,20260210,603000.SH,人民网,0.7946272018253463,互联网
2026-02-19T17:30:48Z,20260210,603533.SH,掌阅科技,0.7946272018253463,互联网
2026-02-19T17:30:48Z,20260210,603888.SH,新华网,0.7946272018253463,互联网
2026-02-19T17:30:48Z,20260210,300364.SZ,中文在线,0.7030854212758787,出版业
2026-02-19T17:30:48Z,20260210,301231.SZ,荣信文化,0.7030854212758787,出版业
2026-02-19T17:30:48Z,20260210,603999.SH,读者传媒,0.7030854212758787,出版业
2026-02-19T17:30:48Z,20260210,002181.SZ,粤 传 媒,0.6230854212758787,出版业
2026-02-19T17:30:48Z,20260210,301025.SZ,读客文化,0.6230854212758787,出版业
2026-02-19T17:30:48Z,20260210,600373.SH,中文传媒,0.6230854212758787,出版业
2026-02-19T17:30:48Z,20260210,002455.SZ,百川股份,0.559801681970459,化工原料
2026-02-19T17:30:48Z,20260210,603968.SH,醋化股份,0.559801681970459,化工原料
2026-02-19T17:30:48Z,20260210,000818.SZ,航锦科技,0.479801681970459,化工原料
2026-02-19T17:30:48Z,20260210,001217.SZ,华尔泰,0.479801681970459,化工原料
2026-02-19T17:30:48Z,20260210,002969.SZ,嘉美包装,0.4401210427490234,广告包装
2026-02-19T17:30:48Z,20260210,603058.SH,永吉股份,0.3601210427490234,广告包装
2026-02-19T17:30:48Z,20260210,603729.SH,龙韵股份,0.3601210427490234,广告包装
2026-02-19T17:30:48Z,20260210,000559.SZ,万向钱潮,0.3401553699246989,汽车配件
2026-02-19T17:30:48Z,20260210,002806.SZ,华锋股份,0.2601553699246989,汽车配件
2026-02-19T17:30:48Z,20260210,603960.SH,克来机电,0.2601553699246989,汽车配件
2026-02-19T17:30:48Z,20260210,601869.SH,长飞光纤,0.2566570212508551,通信设备
2026-02-19T17:30:48Z,20260210,000070.SZ,特发信息,0.1766570212508551,通信设备
2026-02-19T17:30:48Z,20260210,000815.SZ,美利云,0.1766570212508551,通信设备
2026-02-19T17:30:48Z,20260210,002655.SZ,共达电声,0.1069133379015616,元器件
2026-02-19T17:30:48Z,20260210,603328.SH,依顿电子,0.1069133379015616,元器件
2026-02-19T17:30:48Z,20260210,002099.SZ,海翔药业,0.08,化学制药
2026-02-19T17:30:48Z,20260210,002323.SZ,雅博股份,0.08,建筑工程
2026-02-19T17:30:48Z,20260210,300749.SZ,顶固集创,0.08,家居用品
2026-02-19T17:30:48Z,20260210,301085.SZ,亚康股份,0.08,软件服务
2026-02-19T17:30:48Z,20260210,600589.SH,大位科技,0.08,软件服务
2026-02-19T17:30:48Z,20260210,600814.SH,杭州解百,0.08,百货
2026-02-19T17:30:48Z,20260210,603301.SH,振德医疗,0.08,医疗保健
2026-02-19T17:30:48Z,20260210,603466.SH,风语筑,0.08,文教休闲
2026-02-19T17:30:48Z,20260210,605060.SH,联德股份,0.08,机械基件
2026-02-19T17:30:48Z,20260210,605599.SH,菜百股份,0.08,服饰
2026-02-19T17:30:48Z,20260210,002429.SZ,兆驰股份,0.0486585167657964,家用电器
2026-02-19T17:30:48Z,20260210,002723.SZ,小崧股份,0.0486585167657964,家用电器
2026-02-19T17:30:48Z,20260210,000056.SZ,皇庭国际,0.0,其他商业
2026-02-19T17:30:48Z,20260210,000839.SZ,国安股份,0.0,综合类
2026-02-19T17:30:48Z,20260210,000859.SZ,国风新材,0.0,塑料
2026-02-19T17:30:48Z,20260210,002082.SZ,万邦德,0.0,中成药
2026-02-19T17:30:48Z,20260210,002159.SZ,三特索道,0.0,旅游服务
2026-02-19T17:30:48Z,20260210,002235.SZ,安妮股份,0.0,造纸
2026-02-19T17:30:48Z,20260210,002302.SZ,西部建设,0.0,水泥
2026-02-19T17:30:48Z,20260210,002438.SZ,江苏神通,0.0,机械基件
2026-02-19T17:30:48Z,20260210,002597.SZ,金禾实业,0.0,食品
2026-02-19T17:30:48Z,20260210,600207.SH,安彩高科,0.0,电气设备
2026-02-19T17:30:48Z,20260210,600482.SH,中国动力,0.0,船舶
2026-02-19T17:30:48Z,20260210,601599.SH,浙文影业,0.0,纺织
2026-02-19T17:30:48Z,20260210,603115.SH,海星股份,0.0,铝
2026-02-19T17:30:48Z,20260210,603256.SH,宏和科技,0.0,玻璃
2026-02-19T17:30:48Z,20260210,603320.SH,迪贝电气,0.0,电气设备
2026-02-19T17:30:48Z,20260210,603980.SH,吉华集团,0.0,染料涂料
2026-02-19T17:30:48Z,20260210,605287.SH,德才股份,0.0,装修装饰
2026-02-19T19:38:40Z,20260211,000510.SZ,新金路,1.0,化工原料
2026-02-19T19:38:40Z,20260211,001217.SZ,华尔泰,1.0,化工原料
2026-02-19T19:38:40Z,20260211,002455.SZ,百川股份,1.0,化工原料
2026-02-19T19:38:40Z,20260211,600370.SH,三房巷,1.0,化工原料
2026-02-19T19:38:40Z,20260211,600722.SH,金牛化工,1.0,化工原料
2026-02-19T19:38:40Z,20260211,603125.SH,常青科技,1.0,化工原料
2026-02-19T19:38:40Z,20260211,603968.SH,醋化股份,1.0,化工原料
2026-02-19T19:38:40Z,20260211,301526.SZ,国际复材,0.8746272018253463,玻璃
2026-02-19T19:38:40Z,20260211,603256.SH,宏和科技,0.8746272018253463,玻璃
2026-02-19T19:38:40Z,20260211,002080.SZ,中材科技,0.7946272018253463,玻璃
2026-02-19T19:38:40Z,20260211,002201.SZ,九鼎新材,0.7946272018253463,玻璃
2026-02-19T19:38:40Z,20260211,600176.SH,中国巨石,0.7946272018253463,玻璃
2026-02-19T19:38:40Z,20260211,603601.SH,再升科技,0.7946272018253463,玻璃
2026-02-19T19:38:40Z,20260211,605006.SH,山东玻纤,0.7946272018253463,玻璃
2026-02-19T19:38:40Z,20260211,000657.SZ,中钨高新,0.7030854212758787,小金属
2026-02-19T19:38:40Z,20260211,002340.SZ,格林美,0.7030854212758787,小金属
2026-02-19T19:38:40Z,20260211,002378.SZ,章源钨业,0.7030854212758787,小金属
2026-02-19T19:38:40Z,20260211,000962.SZ,东方钽业,0.6230854212758787,小金属
2026-02-19T19:38:40Z,20260211,002842.SZ,翔鹭钨业,0.6230854212758787,小金属
2026-02-19T19:38:40Z,20260211,000892.SZ,欢瑞世纪,0.559801681970459,影视音像
2026-02-19T19:38:40Z,20260211,001330.SZ,博纳影业,0.559801681970459,影视音像
2026-02-19T19:38:40Z,20260211,002905.SZ,金逸影视,0.559801681970459,影视音像
2026-02-19T19:38:40Z,20260211,603103.SH,横店影视,0.559801681970459,影视音像
2026-02-19T19:38:40Z,20260211,002757.SZ,南兴股份,0.3601210427490234,专用机械
2026-02-19T19:38:40Z,20260211,600980.SH,北矿科技,0.3601210427490234,专用机械
2026-02-19T19:38:40Z,20260211,603698.SH,航天工程,0.3601210427490234,专用机械
2026-02-19T19:38:40Z,20260211,000525.SZ,红太阳,0.2601553699246989,农药化肥
2026-02-19T19:38:40Z,20260211,002470.SZ,金正大,0.2601553699246989,农药化肥
2026-02-19T19:38:40Z,20260211,605033.SH,美邦股份,0.2601553699246989,农药化肥
2026-02-19T19:38:40Z,20260211,003018.SZ,金富科技,0.2566570212508551,塑料
2026-02-19T19:38:40Z,20260211,603150.SH,万朗磁塑,0.2566570212508551,塑料
2026-02-19T19:38:40Z,20260211,603729.SH,龙韵股份,0.1869133379015616,广告包装
2026-02-19T19:38:40Z,20260211,002886.SZ,沃特股份,0.1766570212508551,塑料
2026-02-19T19:38:40Z,20260211,603533.SH,掌阅科技,0.1286585167657964,互联网
2026-02-19T19:38:40Z,20260211,000659.SZ,珠海中富,0.1069133379015616,广告包装
2026-02-19T19:38:40Z,20260211,002951.SZ,金时科技,0.1069133379015616,广告包装
2026-02-19T19:38:40Z,20260211,000056.SZ,皇庭国际,0.08,其他商业
2026-02-19T19:38:40Z,20260211,000070.SZ,特发信息,0.08,通信设备
2026-02-19T19:38:40Z,20260211,001267.SZ,汇绿生态,0.08,建筑工程
2026-02-19T19:38:40Z,20260211,002723.SZ,小崧股份,0.08,家用电器
2026-02-19T19:38:40Z,20260211,002830.SZ,名雕股份,0.08,装修装饰
2026-02-19T19:38:40Z,20260211,300819.SZ,聚杰微纤,0.08,纺织
2026-02-19T19:38:40Z,20260211,600292.SH,电投水电,0.08,水力发电
2026-02-19T19:38:40Z,20260211,600589.SH,大位科技,0.08,软件服务
2026-02-19T19:38:40Z,20260211,601599.SH,浙文影业,0.08,纺织
2026-02-19T19:38:40Z,20260211,603466.SH,风语筑,0.08,文教休闲
2026-02-19T19:38:40Z,20260211,603608.SH,天创时尚,0.08,服饰
2026-02-19T19:38:40Z,20260211,603980.SH,吉华集团,0.08,染料涂料
2026-02-19T19:38:40Z,20260211,605287.SH,德才股份,0.08,装修装饰
2026-02-19T19:38:40Z,20260211,688035.SH,德邦科技,0.08,半导体
2026-02-19T19:38:40Z,20260211,002517.SZ,恺英网络,0.0486585167657964,互联网
2026-02-19T19:38:40Z,20260211,000582.SZ,北部湾港,0.0,港口
2026-02-19T19:38:40Z,20260211,001359.SZ,平安电工,0.0,矿物制品
2026-02-19T19:38:40Z,20260211,001376.SZ,百通能源,0.0,供气供热
2026-02-19T19:38:40Z,20260211,001896.SZ,豫能控股,0.0,火力发电
2026-02-19T19:38:40Z,20260211,002012.SZ,凯恩股份,0.0,造纸
2026-02-19T19:38:40Z,20260211,002177.SZ,御银股份,0.0,其他商业
2026-02-19T19:38:40Z,20260211,002254.SZ,泰和新材,0.0,化纤
2026-02-19T19:38:40Z,20260211,002270.SZ,华明装备,0.0,电气设备
2026-02-19T19:38:40Z,20260211,002323.SZ,雅博股份,0.0,建筑工程
2026-02-19T19:38:40Z,20260211,002636.SZ,金安国纪,0.0,元器件
2026-02-19T19:38:40Z,20260211,600186.SH,莲花控股,0.0,食品
2026-02-19T19:38:40Z,20260211,600397.SH,江钨装备,0.0,煤炭开采
2026-02-19T19:38:40Z,20260211,600545.SH,卓郎智能,0.0,纺织机械
2026-02-19T19:38:40Z,20260211,600583.SH,海油工程,0.0,石油开采
2026-02-19T19:38:40Z,20260211,600683.SH,京投发展,0.0,区域地产
2026-02-19T19:38:40Z,20260211,600740.SH,山西焦化,0.0,焦炭加工
2026-02-19T19:38:40Z,20260211,601118.SH,海南橡胶,0.0,橡胶
2026-02-19T19:38:40Z,20260211,601121.SH,宝地矿业,0.0,普钢
2026-02-19T19:38:40Z,20260211,603138.SH,海量数据,0.0,软件服务
2026-02-19T19:38:40Z,20260211,603381.SH,永臻股份,0.0,电气设备
2026-02-19T19:38:40Z,20260211,603629.SH,利通电子,0.0,元器件
2026-02-19T19:38:40Z,20260211,603682.SH,锦和商管,0.0,房产服务
2026-02-20T16:06:29Z,20260212,000533.SZ,顺钠股份,1.0,电气设备
2026-02-20T16:06:29Z,20260212,002358.SZ,森源电气,1.0,电气设备
2026-02-20T16:06:29Z,20260212,002364.SZ,中恒电气,1.0,电气设备
2026-02-20T16:06:29Z,20260212,002498.SZ,汉缆股份,1.0,电气设备
2026-02-20T16:06:29Z,20260212,002518.SZ,科士达,1.0,电气设备
2026-02-20T16:06:29Z,20260212,002759.SZ,天际股份,1.0,电气设备
2026-02-20T16:06:29Z,20260212,002922.SZ,伊戈尔,1.0,电气设备
2026-02-20T16:06:29Z,20260212,600481.SH,双良节能,1.0,电气设备
2026-02-20T16:06:29Z,20260212,600875.SH,东方电气,1.0,电气设备
2026-02-20T16:06:29Z,20260212,601126.SH,四方股份,1.0,电气设备
2026-02-20T16:06:29Z,20260212,603191.SH,望变电气,1.0,电气设备
2026-02-20T16:06:29Z,20260212,603778.SH,国晟科技,1.0,电气设备
2026-02-20T16:06:29Z,20260212,002342.SZ,巨力索具,0.8746272018253463,机械基件
2026-02-20T16:06:29Z,20260212,300277.SZ,海联讯,0.8746272018253463,机械基件
2026-02-20T16:06:29Z,20260212,301317.SZ,鑫磊股份,0.8746272018253463,机械基件
2026-02-20T16:06:29Z,20260212,002272.SZ,川润股份,0.7946272018253463,机械基件
2026-02-20T16:06:29Z,20260212,603308.SH,应流股份,0.7946272018253463,机械基件
2026-02-20T16:06:29Z,20260212,603757.SH,大元泵业,0.7946272018253463,机械基件
2026-02-20T16:06:29Z,20260212,002837.SZ,英维克,0.7030854212758787,专用机械
2026-02-20T16:06:29Z,20260212,301018.SZ,申菱环境,0.7030854212758787,专用机械
2026-02-20T16:06:29Z,20260212,603698.SH,航天工程,0.7030854212758787,专用机械
2026-02-20T16:06:29Z,20260212,002975.SZ,博杰股份,0.6230854212758787,专用机械
2026-02-20T16:06:29Z,20260212,603090.SH,宏盛股份,0.6230854212758787,专用机械
2026-02-20T16:06:29Z,20260212,600960.SH,渤海汽车,0.559801681970459,汽车配件
2026-02-20T16:06:29Z,20260212,002510.SZ,天汽模,0.479801681970459,汽车配件
2026-02-20T16:06:29Z,20260212,002536.SZ,飞龙股份,0.479801681970459,汽车配件
2026-02-20T16:06:29Z,20260212,603950.SH,长源东谷,0.479801681970459,汽车配件
2026-02-20T16:06:29Z,20260212,605018.SH,长华集团,0.479801681970459,汽车配件
2026-02-20T16:06:29Z,20260212,000070.SZ,特发信息,0.4401210427490234,通信设备
2026-02-20T16:06:29Z,20260212,000815.SZ,美利云,0.3601210427490234,通信设备
2026-02-20T16:06:29Z,20260212,002491.SZ,通鼎互联,0.3601210427490234,通信设备
2026-02-20T16:06:29Z,20260212,002796.SZ,世嘉科技,0.3601210427490234,通信设备
2026-02-20T16:06:29Z,20260212,600590.SH,泰豪科技,0.3601210427490234,通信设备
2026-02-20T16:06:29Z,20260212,000962.SZ,东方钽业,0.3401553699246989,小金属
2026-02-20T16:06:29Z,20260212,002378.SZ,章源钨业,0.3401553699246989,小金属
2026-02-20T16:06:29Z,20260212,002842.SZ,翔鹭钨业,0.3401553699246989,小金属
2026-02-20T16:06:29Z,20260212,600711.SH,盛屯矿业,0.2601553699246989,小金属
2026-02-20T16:06:29Z,20260212,300846.SZ,首都在线,0.2566570212508551,软件服务
2026-02-20T16:06:29Z,20260212,600589.SH,大位科技,0.2566570212508551,软件服务
2026-02-20T16:06:29Z,20260212,603138.SH,海量数据,0.2566570212508551,软件服务
2026-02-20T16:06:29Z,20260212,688158.SH,优刻得-W,0.2566570212508551,软件服务
2026-02-20T16:06:29Z,20260212,002323.SZ,雅博股份,0.1286585167657964,建筑工程
2026-02-20T16:06:29Z,20260212,603959.SH,百利科技,0.1286585167657964,建筑工程
2026-02-20T16:06:29Z,20260212,002885.SZ,京泉华,0.1069133379015616,元器件
2026-02-20T16:06:29Z,20260212,301217.SZ,铜冠铜箔,0.1069133379015616,元器件
2026-02-20T16:06:29Z,20260212,601231.SH,环旭电子,0.1069133379015616,元器件
2026-02-20T16:06:29Z,20260212,001896.SZ,豫能控股,0.08,火力发电
2026-02-20T16:06:29Z,20260212,002080.SZ,中材科技,0.08,玻璃
2026-02-20T16:06:29Z,20260212,002131.SZ,利欧股份,0.08,互联网
2026-02-20T16:06:29Z,20260212,002702.SZ,海欣食品,0.08,食品
2026-02-20T16:06:29Z,20260212,002723.SZ,小崧股份,0.08,家用电器
2026-02-20T16:06:29Z,20260212,002830.SZ,名雕股份,0.08,装修装饰
2026-02-20T16:06:29Z,20260212,002905.SZ,金逸影视,0.08,影视音像
2026-02-20T16:06:29Z,20260212,002951.SZ,金时科技,0.08,广告包装
2026-02-20T16:06:29Z,20260212,600397.SH,江钨装备,0.08,煤炭开采
2026-02-20T16:06:29Z,20260212,600490.SH,鹏欣资源,0.08,铜
2026-02-20T16:06:29Z,20260212,600545.SH,卓郎智能,0.08,纺织机械
2026-02-20T16:06:29Z,20260212,600821.SH,金开新能,0.08,新型电力
2026-02-20T16:06:29Z,20260212,603103.SH,横店影视,0.08,影视音像
2026-02-20T16:06:29Z,20260212,603729.SH,龙韵股份,0.08,广告包装
2026-02-20T16:06:29Z,20260212,605006.SH,山东玻纤,0.08,玻璃
2026-02-20T16:06:29Z,20260212,605033.SH,美邦股份,0.08,农药化肥
2026-02-20T16:06:29Z,20260212,605069.SH,正和生态,0.08,环境保护
2026-02-20T16:06:29Z,20260212,605287.SH,德才股份,0.08,装修装饰
2026-02-20T16:06:29Z,20260212,688480.SH,赛恩斯,0.08,环境保护
2026-02-20T16:06:29Z,20260212,000628.SZ,高新发展,0.0486585167657964,建筑工程
2026-02-20T16:06:29Z,20260212,000534.SZ,万泽股份,0.0,生物制药
2026-02-20T16:06:29Z,20260212,000767.SZ,晋控电力,0.0,火力发电
2026-02-20T16:06:29Z,20260212,000833.SZ,粤桂股份,0.0,综合类
2026-02-20T16:06:29Z,20260212,001330.SZ,博纳影业,0.0,影视音像
2026-02-20T16:06:29Z,20260212,002208.SZ,合肥城建,0.0,区域地产
2026-02-20T16:06:29Z,20260212,002248.SZ,华东数控,0.0,机床制造
2026-02-20T16:06:29Z,20260212,002478.SZ,常宝股份,0.0,钢加工
2026-02-20T16:06:29Z,20260212,002520.SZ,日发精机,0.0,机床制造
2026-02-20T16:06:29Z,20260212,002615.SZ,哈尔斯,0.0,家居用品
2026-02-20T16:06:29Z,20260212,002824.SZ,和胜股份,0.0,铝
2026-02-20T16:06:29Z,20260212,003036.SZ,泰坦股份,0.0,纺织机械
2026-02-20T16:06:29Z,20260212,300249.SZ,依米康,0.0,IT设备
2026-02-20T16:06:29Z,20260212,300749.SZ,顶固集创,0.0,家居用品
2026-02-20T16:06:29Z,20260212,600026.SH,中远海能,0.0,水运
2026-02-20T16:06:29Z,20260212,600673.SH,东阳光,0.0,综合类
2026-02-20T16:06:29Z,20260212,600722.SH,金牛化工,0.0,化工原料
2026-02-20T16:06:29Z,20260212,601619.SH,嘉泽新能,0.0,新型电力
2026-02-20T16:06:29Z,20260212,601872.SH,招商轮船,0.0,水运
2026-02-20T16:06:29Z,20260212,603088.SH,宁波精达,0.0,机床制造
2026-02-20T16:06:29Z,20260212,603155.SH,新亚强,0.0,化工原料
2026-02-20T16:06:29Z,20260212,603256.SH,宏和科技,0.0,玻璃
2026-02-20T16:06:29Z,20260212,603533.SH,掌阅科技,0.0,互联网
2026-02-20T16:06:29Z,20260212,603688.SH,石英股份,0.0,矿物制品
2026-02-20T16:06:29Z,20260212,605007.SH,五洲特纸,0.0,造纸
2026-02-20T16:06:29Z,20260212,605318.SH,法狮龙,0.0,其他建材
2026-02-20T16:06:29Z,20260212,688530.SH,欧莱新材,0.0,半导体
2026-02-21T11:24:32Z,20260213,002323.SZ,雅博股份,1.0,建筑工程
2026-02-21T14:53:30Z,20260213,002355.SZ,兴民智通,1.0,汽车配件
2026-02-21T14:53:30Z,20260213,002510.SZ,天汽模,1.0,汽车配件
2026-02-21T14:53:30Z,20260213,002703.SZ,浙江世宝,1.0,汽车配件
2026-02-21T14:53:30Z,20260213,603960.SH,克来机电,1.0,汽车配件
2026-02-21T14:53:30Z,20260213,600629.SH,华建集团,0.8746272018253463,建筑工程
2026-02-21T14:53:30Z,20260213,605289.SH,罗曼股份,0.8746272018253463,建筑工程
2026-02-21T14:53:30Z,20260213,603163.SH,圣晖集成,0.7946272018253463,建筑工程
2026-02-21T14:53:30Z,20260213,300812.SZ,易天股份,0.7030854212758787,专用机械
2026-02-21T11:24:32Z,20260213,600481.SH,双良节能,0.7030854212758787,电气设备
2026-02-21T11:24:32Z,20260213,603618.SH,杭电股份,0.7030854212758787,电气设备
2026-02-21T14:53:30Z,20260213,603331.SH,百达精工,0.6230854212758787,专用机械
2026-02-21T14:53:30Z,20260213,002009.SZ,天奇股份,0.559801681970459,工程机械
2026-02-21T11:24:32Z,20260213,002957.SZ,科瑞技术,0.559801681970459,专用机械
2026-02-21T14:53:30Z,20260213,600984.SH,建设机械,0.559801681970459,工程机械
2026-02-21T14:53:30Z,20260213,002498.SZ,汉缆股份,0.44012104274902347,电气设备
2026-02-21T11:24:32Z,20260213,002467.SZ,二六三,0.4401210427490234,互联网
2026-02-21T14:53:30Z,20260213,002169.SZ,智光电气,0.36012104274902346,电气设备
2026-02-21T11:24:32Z,20260213,603000.SH,人民网,0.3601210427490234,互联网
2026-02-21T14:53:30Z,20260213,300719.SZ,安达维尔,0.3401553699246989,航空
2026-02-21T11:24:32Z,20260213,000738.SZ,航发控制,0.2601553699246989,航空
2026-02-21T14:53:30Z,20260213,600893.SH,航发动力,0.2601553699246989,航空
2026-02-21T14:53:30Z,20260213,300449.SZ,汉邦高科,0.2566570212508551,IT设备
2026-02-21T11:24:32Z,20260213,600589.SH,大位科技,0.2566570212508551,软件服务
2026-02-21T14:53:30Z,20260213,603533.SH,掌阅科技,0.18691333790156167,互联网
2026-02-21T11:24:32Z,20260213,000070.SZ,特发信息,0.1869133379015616,通信设备
2026-02-21T11:24:32Z,20260213,002491.SZ,通鼎互联,0.1869133379015616,通信设备
2026-02-21T11:24:32Z,20260213,002519.SZ,银河电子,0.1869133379015616,通信设备
2026-02-21T11:24:32Z,20260213,300369.SZ,绿盟科技,0.1766570212508551,软件服务
2026-02-21T14:53:30Z,20260213,000021.SZ,深科技,0.12865851676579643,元器件
2026-02-21T11:24:32Z,20260213,000833.SZ,粤桂股份,0.08,综合类
2026-02-21T14:53:30Z,20260213,000859.SZ,国风新材,0.08,塑料
2026-02-21T11:24:32Z,20260213,000892.SZ,欢瑞世纪,0.08,影视音像
2026-02-21T11:24:32Z,20260213,002342.SZ,巨力索具,0.08,机械基件
2026-02-21T11:24:32Z,20260213,002969.SZ,嘉美包装,0.08,广告包装
2026-02-21T14:53:30Z,20260213,600410.SH,华胜天成,0.08,软件服务
2026-02-21T11:24:32Z,20260213,600545.SH,卓郎智能,0.08,纺织机械
2026-02-21T14:53:30Z,20260213,601777.SH,千里科技,0.08,摩托车
2026-02-21T14:53:30Z,20260213,601890.SH,亚星锚链,0.08,船舶
2026-02-21T14:53:30Z,20260213,603466.SH,风语筑,0.08,文教休闲
2026-02-21T14:53:30Z,20260213,605033.SH,美邦股份,0.08,农药化肥
2026-02-21T11:24:32Z,20260213,605287.SH,德才股份,0.08,装修装饰
2026-02-21T11:24:32Z,20260213,003018.SZ,金富科技,0.0486585167657964,塑料
2026-02-21T11:24:32Z,20260213,000016.SZ,深康佳Ａ,0.0,家用电器
2026-02-21T14:53:30Z,20260213,000798.SZ,中水渔业,0.0,渔业
2026-02-21T14:53:30Z,20260213,000839.SZ,国安股份,0.0,综合类
2026-02-21T14:53:30Z,20260213,000890.SZ,法尔胜,0.0,环境保护
2026-02-21T14:53:30Z,20260213,001896.SZ,豫能控股,0.0,火力发电
2026-02-21T14:53:30Z,20260213,002843.SZ,泰嘉股份,0.0,钢加工
2026-02-21T14:53:30Z,20260213,002951.SZ,金时科技,0.0,广告包装
2026-02-21T11:24:32Z,20260213,600397.SH,江钨装备,0.0,煤炭开采
2026-02-21T14:53:30Z,20260213,600791.SH,京能置业,0.0,全国地产
2026-02-21T11:24:32Z,20260213,603980.SH,吉华集团,0.0,染料涂料
2026-02-21T14:53:30Z,20260213,605007.SH,五洲特纸,0.0,造纸
2026-02-21T11:24:32Z,20260213,605136.SH,丽人丽妆,0.0,其他商业
