rank,ts_code,name,intraday_available,intraday_status,intraday_missing_reason,limitup_quality_score,intraday_quality_score,intraday_soft_risk_score,intraday_hard_risk_flag,intraday_risk_score,late_withdraw_score,reseal_score,open_board_count,auction_strength_score,intraday_confidence_score,risk_level,risk_label,raw_final_score,intraday_bonus,intraday_soft_risk_penalty,intraday_hard_risk_penalty,intraday_total_penalty,final_score_v2
1,002298.SZ,中电鑫龙,0,missing_stock,stock not covered by intraday_features.csv,0.55,0.700521,0.0,0,0.0,0.0,0.5,0.0,0.5701413427561832,0.0,中,分时缺失|低置信,0.40969162650297797,0.0,0.0,0.0,0.0,0.385766626502978
2,600326.SH,西藏天路,0,missing_stock,stock not covered by intraday_features.csv,0.55,0.676579,0.0,0,0.0,0.0,0.5,0.0,0.4105263157894739,0.0,中,分时缺失|低置信,0.27926637074194627,0.0,0.0,0.0,0.0,0.2553413707419463
3,002329.SZ,皇氏集团,0,missing_stock,stock not covered by intraday_features.csv,0.55,0.6825,0.0,0,0.0,0.0,0.5,0.0,0.45,0.0,中,分时缺失|低置信,0.28684634157627875,0.0,0.0,0.0,0.0,0.2629213415762788
4,600664.SH,哈药股份,0,missing_stock,stock not covered by intraday_features.csv,0.55,0.765,0.0,0,0.0,0.0,0.5,0.0,1.0,0.0,中,分时缺失|低置信,0.2858612123949753,0.0,0.0,0.0,0.0,0.27703621239497533
5,600984.SH,建设机械,0,missing_stock,stock not covered by intraday_features.csv,0.55,0.708971,0.0,0,0.0,0.0,0.5,0.0,0.6264705882352949,0.0,中,分时缺失|低置信,0.2707371542749536,0.0,0.0,0.0,0.0,0.2468121542749536
6,001388.SZ,信通电子,1,ok,,0.82489,0.860727,0.10674,0,0.10674020000000001,0.0,0.716299,1.0,1.0,1.0,低,健康涨停,0.32098437990271733,0.031518175,0.0088033,0.0,0.0088033,0.3197742549027173
7,603269.SH,海鸥股份,0,missing_stock,stock not covered by intraday_features.csv,0.55,0.683775,0.0,0,0.0,0.0,0.5,0.0,0.4584985835694056,0.0,中,分时缺失|低置信,0.23457210630011216,0.0,0.0,0.0,0.0,0.21064710630011216
8,600815.SH,厦工股份,0,missing_stock,stock not covered by intraday_features.csv,0.55,0.679756,0.0,0,0.0,0.0,0.5,0.0,0.4317073170731714,0.0,中,分时缺失|低置信,0.26392723195636786,0.0,0.0,0.0,0.0,0.24000223195636786
9,002783.SZ,凯龙股份,0,missing_stock,stock not covered by intraday_features.csv,0.55,0.687326,0.0,0,0.0,0.0,0.5,0.0,0.482171581769437,0.0,中,分时缺失|低置信,0.32808157940564675,0.0,0.0,0.0,0.0,0.3041565794056468
10,600186.SH,莲花控股,0,missing_stock,stock not covered by intraday_features.csv,0.55,0.71799,0.0,0,0.0,0.0,0.5,0.0,0.6866026289180985,0.0,中,分时缺失|低置信,0.28037174664160147,0.0,0.0,0.0,0.0,0.2564467466416015
11,000537.SZ,绿发电力,1,ok,,0.744504,0.742387,0.135131,0,0.16845000000000002,0.0,0.574346,1.0,0.5611111111111116,1.0,低,健康涨停,0.2822947733200334,0.028559675,0.010080895,0.0,0.010080895,0.27684855332003344
12,601606.SH,长城军工,0,missing_stock,stock not covered by intraday_features.csv,0.55,0.671828,0.0,0,0.0,0.0,0.5,0.0,0.3788537549407112,0.0,中,分时缺失|低置信,0.2521896689310986,0.0,0.0,0.0,0.0,0.22826466893109862
13,600227.SH,赤天化,0,missing_stock,stock not covered by intraday_features.csv,0.55,0.669027,0.0,0,0.0,0.0,0.5,0.0,0.3601796407185631,0.0,中,分时缺失|低置信,0.2350362655109902,0.0,0.0,0.0,0.0,0.2111112655109902
14,002112.SZ,三变科技,0,missing_stock,stock not covered by intraday_features.csv,0.55,0.700959,0.0,0,0.0,0.0,0.5,0.0,0.5730577998757,0.0,中,分时缺失|低置信,0.3187237514561756,0.0,0.0,0.0,0.0,0.2947987514561756
15,600721.SH,百花医药,0,missing_stock,stock not covered by intraday_features.csv,0.55,0.765,0.0,0,0.0,0.0,0.5,0.0,1.0,0.0,中,分时缺失|低置信,0.24801120138901184,0.0,0.0,0.0,0.0,0.24553620138901183
16,000802.SZ,北京文化,1,ok,,0.683404,0.783957,0.121064,0,0.121064,0.0,0.394681,0.0,1.0,1.0,低,健康涨停,0.2726231227392497,0.029598925000000005,0.00544788,0.0,0.00544788,0.2728491677392497
17,002141.SZ,贤丰控股,0,missing_stock,stock not covered by intraday_features.csv,0.55,0.683973,0.0,0,0.0,0.0,0.5,0.0,0.4598199672667749,0.0,中,分时缺失|低置信,0.24144466189151018,0.0,0.0,0.0,0.0,0.21751966189151017
18,002885.SZ,京泉华,0,missing_stock,stock not covered by intraday_features.csv,0.55,0.765,0.0,0,0.0,0.0,0.5,0.0,1.0,0.0,中,分时缺失|低置信,0.23021249578488248,0.0,0.0,0.0,0.0,0.20628749578488248
19,605162.SH,新中港,0,missing_stock,stock not covered by intraday_features.csv,0.55,0.685684,0.0,0,0.0,0.0,0.5,0.0,0.4712264150943389,0.0,中,分时缺失|低置信,0.25874950459548884,0.0,0.0,0.0,0.0,0.23482450459548884
20,002739.SZ,儒意电影,0,missing_stock,stock not covered by intraday_features.csv,0.55,0.745291,0.0,0,0.0,0.0,0.5,0.0,0.8686046511627914,0.0,中,分时缺失|低置信,0.24952526970041383,0.0,0.0,0.0,0.0,0.22560026970041383
21,000656.SZ,金科股份,1,ok,,0.681983,0.718083,0.124012,0,0.124012,0.0,0.629942,1.0,0.45,1.0,低,健康涨停,0.2532513864936262,0.027952075,0.009580539999999999,0.0,0.009580539999999999,0.2476979214936262
22,002437.SZ,誉衡药业,0,missing_stock,stock not covered by intraday_features.csv,0.55,0.731538,0.0,0,0.0,0.0,0.5,0.0,0.776923076923077,0.0,中,分时缺失|低置信,0.2603640235725814,0.0,0.0,0.0,0.0,0.25153902357258145
23,002552.SZ,宝鼎科技,0,missing_stock,stock not covered by intraday_features.csv,0.55,0.765,0.0,0,0.0,0.0,0.5,0.0,1.0,0.0,中,分时缺失|低置信,0.23611206708030866,0.0,0.0,0.0,0.0,0.23363706708030865
24,002388.SZ,新亚制程,0,missing_stock,stock not covered by intraday_features.csv,0.55,0.689397,0.0,0,0.0,0.0,0.5,0.0,0.4959770114942533,0.0,中,分时缺失|低置信,0.22100863929485817,0.0,0.0,0.0,0.0,0.19708363929485817
25,002589.SZ,瑞康医药,0,missing_stock,stock not covered by intraday_features.csv,0.55,0.720987,0.0,0,0.0,0.0,0.5,0.0,0.7065789473684204,0.0,中,分时缺失|低置信,0.2519421443706562,0.0,0.0,0.0,0.0,0.2431171443706562
26,600936.SH,北投科技,0,missing_stock,stock not covered by intraday_features.csv,0.55,0.6825,0.0,0,0.0,0.0,0.5,0.0,0.45,0.0,中,分时缺失|低置信,0.22093476689848365,0.0,0.0,0.0,0.0,0.19700976689848365
27,000428.SZ,华天酒店,1,ok,,0.639,0.688373,0.111667,0,0.111667,0.0,0.441667,0.0,0.3889312977099238,1.0,低,健康涨停,0.21246539988895158,0.027209325,0.005025015,0.0,0.005025015,0.2107247098889516
28,600793.SH,宜宾纸业,0,missing_stock,stock not covered by intraday_features.csv,0.55,0.6825,0.0,0,0.0,0.0,0.5,0.0,0.45,0.0,中,分时缺失|低置信,0.21346177665510233,0.0,0.0,0.0,0.0,0.18953677665510232
29,000973.SZ,佛塑科技,1,ok,,0.483605,0.666936,0.111263,0,0.14400000000000002,0.12,0.623684,0.0,0.47411575562701036,1.0,低,健康涨停,0.24516033752542646,0.0266734,0.009206835,0.0,0.009206835,0.23870190252542642
30,000710.SZ,贝瑞基因,1,ok,,0.725766,0.754301,0.092823,0,0.092823,0.0,0.535886,0.0,0.5292951541850214,1.0,低,健康涨停,0.27312099485271985,0.028857525000000002,0.004177035,0.0,0.004177035,0.27387648485271987
31,002474.SZ,榕基软件,0,missing_stock,stock not covered by intraday_features.csv,0.55,0.681094,0.0,0,0.0,0.0,0.5,0.0,0.4406249999999992,0.0,中,分时缺失|低置信,0.22660920975821902,0.0,0.0,0.0,0.0,0.20268420975821902
32,603065.SH,宿迁联盛,0,missing_stock,stock not covered by intraday_features.csv,0.55,0.707593,0.0,0,0.0,0.0,0.5,0.0,0.6172862453531593,0.0,中,分时缺失|低置信,0.2601345862168868,0.0,0.0,0.0,0.0,0.23620958621688679
33,600722.SH,金牛化工,0,missing_stock,stock not covered by intraday_features.csv,0.55,0.6825,0.0,0,0.0,0.0,0.5,0.0,0.45,0.0,中,分时缺失|低置信,0.24021709203112315,0.0,0.0,0.0,0.0,0.21629209203112315
34,600192.SH,长城电工,0,missing_stock,stock not covered by intraday_features.csv,0.55,0.677479,0.0,0,0.0,0.0,0.5,0.0,0.4165271966527196,0.0,中,分时缺失|低置信,0.2912488690432863,0.0,0.0,0.0,0.0,0.2673238690432863
35,002370.SZ,亚太药业,0,missing_stock,stock not covered by intraday_features.csv,0.55,0.684205,0.0,0,0.0,0.0,0.5,0.0,0.4613636363636367,0.0,中,分时缺失|低置信,0.2664922451083426,0.0,0.0,0.0,0.0,0.24256724510834257
36,001376.SZ,百通能源,1,ok,,0.628209,0.723102,0.082861,0,0.09,0.0,0.585697,0.0,0.45,1.0,低,健康涨停,0.250744766071867,0.02807755,0.003728745,0.0,0.003728745,0.2511685710718671
37,605286.SH,同力天启,0,missing_stock,stock not covered by intraday_features.csv,0.55,0.707242,0.0,0,0.0,0.0,0.5,0.0,0.6149484536082482,0.0,中,分时缺失|低置信,0.22734517651642888,0.0,0.0,0.0,0.0,0.20342017651642888
38,000506.SZ,招金黄金,1,ok,,0.632154,0.733865,0.080231,0,0.09,0.0,0.598847,0.0,0.49633204633204625,1.0,低,健康涨停,0.22780885274344043,0.028346625,0.0036103949999999998,0.0,0.0036103949999999998,0.24372008274344045
39,002696.SZ,百洋股份,0,missing_stock,stock not covered by intraday_features.csv,0.55,0.685785,0.0,0,0.0,0.0,0.5,0.0,0.4718978102189777,0.0,中,分时缺失|低置信,0.22786648000397217,0.0,0.0,0.0,0.0,0.20394148000397216
40,002289.SZ,宇顺电子,0,missing_stock,stock not covered by intraday_features.csv,0.55,0.690684,0.0,0,0.0,0.0,0.5,0.0,0.5045614549721312,0.0,中,分时缺失|低置信,0.20054413004773097,0.0,0.0,0.0,0.0,0.17661913004773097
41,601020.SH,华钰矿业,0,missing_stock,stock not covered by intraday_features.csv,0.55,0.697394,0.0,0,0.0,0.0,0.5,0.0,0.5492907801418448,0.0,中,分时缺失|低置信,0.23777692126113062,0.0,0.0,0.0,0.0,0.21385192126113062
42,600833.SH,第一医药,0,missing_stock,stock not covered by intraday_features.csv,0.55,0.688794,0.0,0,0.0,0.0,0.5,0.0,0.49195804195804255,0.0,中,分时缺失|低置信,0.21649805954971804,0.0,0.0,0.0,0.0,0.19257305954971804
43,002951.SZ,金时科技,0,missing_stock,stock not covered by intraday_features.csv,0.55,0.691462,0.0,0,0.0,0.0,0.5,0.0,0.5097439544807958,0.0,中,分时缺失|低置信,0.21407698823928273,0.0,0.0,0.0,0.0,0.19015198823928273
44,002626.SZ,金达威,0,missing_stock,stock not covered by intraday_features.csv,0.55,0.755294,0.0,0,0.0,0.0,0.5,0.0,0.9352941176470595,0.0,中,分时缺失|低置信,0.22592137198407858,0.0,0.0,0.0,0.0,0.20199637198407858
45,600698.SH,湖南天雁,0,missing_stock,stock not covered by intraday_features.csv,0.55,0.678384,0.0,0,0.0,0.0,0.5,0.0,0.4225609756097564,0.0,中,分时缺失|低置信,0.2658143139034826,0.0,0.0,0.0,0.0,0.2418893139034826
46,603725.SH,天安新材,0,missing_stock,stock not covered by intraday_features.csv,0.55,0.692206,0.0,0,0.0,0.0,0.5,0.0,0.5147058823529423,0.0,中,分时缺失|低置信,0.21166504542833106,0.0,0.0,0.0,0.0,0.18774004542833106
47,603162.SH,海通发展,0,missing_stock,stock not covered by intraday_features.csv,0.55,0.687183,0.0,0,0.0,0.0,0.5,0.0,0.48122289679097974,0.0,中,分时缺失|低置信,0.20303646723115057,0.0,0.0,0.0,0.0,0.17911146723115057
48,002541.SZ,鸿路钢构,0,missing_stock,stock not covered by intraday_features.csv,0.55,0.687794,0.0,0,0.0,0.0,0.5,0.0,0.4852941176470587,0.0,中,分时缺失|低置信,0.2009029335030754,0.0,0.0,0.0,0.0,0.1769779335030754
49,002748.SZ,世龙实业,0,missing_stock,stock not covered by intraday_features.csv,0.55,0.681675,0.0,0,0.0,0.0,0.5,0.0,0.44450045829514245,0.0,中,分时缺失|低置信,0.20222991647658797,0.0,0.0,0.0,0.0,0.17830491647658797
50,601199.SH,江南水务,0,missing_stock,stock not covered by intraday_features.csv,0.55,0.684133,0.0,0,0.0,0.0,0.5,0.0,0.46088929219600666,0.0,中,分时缺失|低置信,0.1962313685507657,0.0,0.0,0.0,0.0,0.1723063685507657
51,605179.SH,一鸣食品,0,missing_stock,stock not covered by intraday_features.csv,0.55,0.680924,0.0,0,0.0,0.0,0.5,0.0,0.43949211908931707,0.0,中,分时缺失|低置信,0.19640266537514858,0.0,0.0,0.0,0.0,0.17247766537514858
52,001300.SZ,三柏硕,1,ok,,0.635054,0.750251,0.078297,0,0.09,0.0,0.608513,0.0,0.5868821292775663,1.0,低,健康涨停,0.21639133797446852,0.028756275000000005,0.003523365,0.0,0.003523365,0.21769924797446852
53,603161.SH,科华控股,0,missing_stock,stock not covered by intraday_features.csv,0.55,0.681222,0.0,0,0.0,0.0,0.5,0.0,0.4414772727272732,0.0,中,分时缺失|低置信,0.23379658479088167,0.0,0.0,0.0,0.0,0.20987158479088167
54,603382.SH,海阳科技,0,missing_stock,stock not covered by intraday_features.csv,0.55,0.682005,0.0,0,0.0,0.0,0.5,0.0,0.4466996699669974,0.0,中,分时缺失|低置信,0.2050517285126803,0.0,0.0,0.0,0.0,0.1811267285126803
55,002044.SZ,美年健康,0,missing_stock,stock not covered by intraday_features.csv,0.55,0.689969,0.0,0,0.0,0.0,0.5,0.0,0.4997925311203318,0.0,中,分时缺失|低置信,0.2372780442532872,0.0,0.0,0.0,0.0,0.2133530442532872
56,603580.SH,艾艾精工,0,missing_stock,stock not covered by intraday_features.csv,0.55,0.668623,0.0,0,0.0,0.0,0.5,0.0,0.3574865316737879,0.0,中,分时缺失|低置信,0.22938513837651484,0.0,0.0,0.0,0.0,0.20546013837651483
57,003043.SZ,华亚智能,0,missing_stock,stock not covered by intraday_features.csv,0.55,0.6825,0.0,0,0.0,0.0,0.5,0.0,0.45,0.0,中,分时缺失|低置信,0.22936627635416915,0.0,0.0,0.0,0.0,0.20544127635416914
58,000859.SZ,国风新材,1,ok,,0.594614,0.690627,0.105257,0,0.105257,0.0,0.473715,0.0,0.45,1.0,低,健康涨停,0.23799525327324542,0.027265675000000003,0.004736565,0.0,0.004736565,0.2365993632732454
59,600641.SH,先导基电,0,missing_stock,stock not covered by intraday_features.csv,0.55,0.743497,0.0,0,0.0,0.0,0.5,0.0,0.8566496163682865,0.0,中,分时缺失|低置信,0.2072400404212892,0.0,0.0,0.0,0.0,0.1984150404212892
60,002828.SZ,贝肯能源,0,missing_stock,stock not covered by intraday_features.csv,0.55,0.670192,0.0,0,0.0,0.0,0.5,0.0,0.36794871794871753,0.0,中,分时缺失|低置信,0.22584303652615892,0.0,0.0,0.0,0.0,0.20191803652615892
61,603188.SH,亚邦股份,0,missing_stock,stock not covered by intraday_features.csv,0.55,0.680272,0.0,0,0.0,0.0,0.5,0.0,0.4351485148514851,0.0,中,分时缺失|低置信,0.22974811994785144,0.0,0.0,0.0,0.0,0.20582311994785144
62,600272.SH,开开实业,0,missing_stock,stock not covered by intraday_features.csv,0.55,0.765,0.0,0,0.0,0.0,0.5,0.0,1.0,0.0,中,分时缺失|低置信,0.21903092493252152,0.0,0.0,0.0,0.0,0.22903092493252153
63,002458.SZ,益生股份,0,missing_stock,stock not covered by intraday_features.csv,0.55,0.687456,0.0,0,0.0,0.0,0.5,0.0,0.48303964757709245,0.0,中,分时缺失|低置信,0.21455597918477196,0.0,0.0,0.0,0.0,0.19063097918477195
64,603038.SH,华立股份,0,missing_stock,stock not covered by intraday_features.csv,0.55,0.683815,0.0,0,0.0,0.0,0.5,0.0,0.4587655222790368,0.0,中,分时缺失|低置信,0.19195193898574328,0.0,0.0,0.0,0.0,0.16802693898574328
65,002827.SZ,高争民爆,0,missing_stock,stock not covered by intraday_features.csv,0.55,0.746311,0.0,0,0.0,0.0,0.5,0.0,0.8754062038404732,0.0,中,分时缺失|低置信,0.23373963692795696,0.0,0.0,0.0,0.0,0.20981463692795696
66,002345.SZ,潮宏基,0,missing_stock,stock not covered by intraday_features.csv,0.55,0.700347,0.0,0,0.0,0.0,0.5,0.0,0.5689801699716714,0.0,中,分时缺失|低置信,0.20249805991639372,0.0,0.0,0.0,0.0,0.17857305991639372
67,603758.SH,秦安股份,0,missing_stock,stock not covered by intraday_features.csv,0.55,0.727156,0.0,0,0.0,0.0,0.5,0.0,0.7477099236641223,0.0,中,分时缺失|低置信,0.22087773599592883,0.0,0.0,0.0,0.0,0.21205273599592883
68,605128.SH,上海沿浦,0,missing_stock,stock not covered by intraday_features.csv,0.55,0.690395,0.0,0,0.0,0.0,0.5,0.0,0.5026315789473685,0.0,中,分时缺失|低置信,0.2127969433219637,0.0,0.0,0.0,0.0,0.1888719433219637
69,600490.SH,鹏欣资源,0,missing_stock,stock not covered by intraday_features.csv,0.55,0.765,0.0,0,0.0,0.0,0.5,0.0,1.0,0.0,中,分时缺失|低置信,0.196259044692103,0.0,0.0,0.0,0.0,0.172334044692103
70,603020.SH,爱普股份,0,missing_stock,stock not covered by intraday_features.csv,0.55,0.688794,0.0,0,0.0,0.0,0.5,0.0,0.49195804195804255,0.0,中,分时缺失|低置信,0.23310895948785595,0.0,0.0,0.0,0.0,0.20918395948785595
71,600327.SH,大东方,0,missing_stock,stock not covered by intraday_features.csv,0.55,0.6825,0.0,0,0.0,0.0,0.5,0.0,0.45,0.0,中,分时缺失|低置信,0.20929841279317654,0.0,0.0,0.0,0.0,0.18537341279317654
72,603797.SH,联泰环保,0,missing_stock,stock not covered by intraday_features.csv,0.55,0.688975,0.0,0,0.0,0.0,0.5,0.0,0.493165467625899,0.0,中,分时缺失|低置信,0.20216441921981007,0.0,0.0,0.0,0.0,0.17823941921981007
73,002153.SZ,石基信息,0,missing_stock,stock not covered by intraday_features.csv,0.55,0.681405,0.0,0,0.0,0.0,0.5,0.0,0.4427007299270076,0.0,中,分时缺失|低置信,0.18354013187358642,0.0,0.0,0.0,0.0,0.15961513187358642
74,001258.SZ,立新能源,1,ok,,0.446849,0.462368,0.386967,1,0.39854999999999996,0.0,0.065163,4.0,0.5685410334346497,1.0,高,多次炸板|回封偏弱,0.23197165356736266,0.0215592,0.033413515000000005,0.08,0.113413515,0.11619233856736264
75,002647.SZ,仁东控股,0,missing_stock,stock not covered by intraday_features.csv,0.55,0.683443,0.0,0,0.0,0.0,0.5,0.0,0.45628930817610175,0.0,中,分时缺失|低置信,0.17237324596993353,0.0,0.0,0.0,0.0,0.14844824596993353
76,603711.SH,香飘飘,0,missing_stock,stock not covered by intraday_features.csv,0.55,0.677626,0.0,0,0.0,0.0,0.5,0.0,0.41750902527075767,0.0,中,分时缺失|低置信,0.17489124891940763,0.0,0.0,0.0,0.0,0.15096624891940763
77,603221.SH,爱丽家居,0,missing_stock,stock not covered by intraday_features.csv,0.55,0.72275,0.0,0,0.0,0.0,0.5,0.0,0.7183319903303784,0.0,中,分时缺失|低置信,0.19828448466866924,0.0,0.0,0.0,0.0,0.17435948466866924
78,001222.SZ,源飞宠物,1,ok,,0.6582810000000001,0.71553,0.098812,0,0.09881240000000001,0.0,0.505938,0.0,0.44571734475374775,1.0,低,健康涨停,0.19539268263206885,0.027888250000000003,0.00444654,0.0,0.00444654,0.19490939263206886
79,002248.SZ,华东数控,0,missing_stock,stock not covered by intraday_features.csv,0.55,0.684469,0.0,0,0.0,0.0,0.5,0.0,0.4631291028446388,0.0,中,分时缺失|低置信,0.18726150515676193,0.0,0.0,0.0,0.0,0.16333650515676193
80,000026.SZ,飞亚达,1,ok,,0.6314540000000001,0.723644,0.080697,0,0.09,0.0,0.596513,0.0,0.4326989619377158,1.0,低,健康涨停,0.18964818185919086,0.0280911,0.003631365,0.0,0.003631365,0.19018291685919086
81,600316.SH,洪都航空,0,missing_stock,stock not covered by intraday_features.csv,0.55,0.677296,0.0,0,0.0,0.0,0.5,0.0,0.41530454895913593,0.0,中,分时缺失|低置信,0.17095904288091993,0.0,0.0,0.0,0.0,0.14703404288091992
82,002300.SZ,太阳电缆,0,missing_stock,stock not covered by intraday_features.csv,0.55,0.685007,0.0,0,0.0,0.0,0.5,0.0,0.46671309192200533,0.0,中,分时缺失|低置信,0.26376142072603287,0.0,0.0,0.0,0.0,0.23983642072603287
83,605033.SH,美邦股份,0,missing_stock,stock not covered by intraday_features.csv,0.55,0.68048,0.0,0,0.0,0.0,0.5,0.0,0.43653198653198655,0.0,中,分时缺失|低置信,0.16204226069306668,0.0,0.0,0.0,0.0,0.13811726069306668
84,600356.SH,恒丰纸业,0,missing_stock,stock not covered by intraday_features.csv,0.55,0.681408,0.0,0,0.0,0.0,0.5,0.0,0.44271844660194204,0.0,中,分时缺失|低置信,0.15954661278605733,0.0,0.0,0.0,0.0,0.13562161278605733
85,002900.SZ,哈三联,0,missing_stock,stock not covered by intraday_features.csv,0.55,0.737248,0.0,0,0.0,0.0,0.5,0.0,0.8149851632047473,0.0,中,分时缺失|低置信,0.20115075835754465,0.0,0.0,0.0,0.0,0.19232575835754465
86,002842.SZ,翔鹭钨业,0,missing_stock,stock not covered by intraday_features.csv,0.55,0.692349,0.0,0,0.0,0.0,0.5,0.0,0.5156591974986958,0.0,中,分时缺失|低置信,0.20912483602160156,0.0,0.0,0.0,0.0,0.18519983602160156
87,002580.SZ,圣阳股份,0,missing_stock,stock not covered by intraday_features.csv,0.55,0.687689,0.0,0,0.0,0.0,0.5,0.0,0.4845911949685549,0.0,中,分时缺失|低置信,0.2106712322186249,0.0,0.0,0.0,0.0,0.1867462322186249
88,600683.SH,京投发展,0,missing_stock,stock not covered by intraday_features.csv,0.55,0.765,0.0,0,0.0,0.0,0.5,0.0,1.0,0.0,中,分时缺失|低置信,0.14603892525238607,0.0,0.0,0.0,0.0,0.12211392525238607
89,603151.SH,邦基科技,0,missing_stock,stock not covered by intraday_features.csv,0.55,0.678995,0.0,0,0.0,0.0,0.5,0.0,0.42663551401869104,0.0,中,分时缺失|低置信,0.1467585339136332,0.0,0.0,0.0,0.0,0.12283353391363319
90,601886.SH,江河集团,0,missing_stock,stock not covered by intraday_features.csv,0.55,0.686853,0.0,0,0.0,0.0,0.5,0.0,0.4790205562273278,0.0,中,分时缺失|低置信,0.156458956550291,0.0,0.0,0.0,0.0,0.132533956550291
91,002622.SZ,皓宸医疗,0,missing_stock,stock not covered by intraday_features.csv,0.55,0.678718,0.0,0,0.0,0.0,0.5,0.0,0.42478991596638727,0.0,中,分时缺失|低置信,0.20854380194926284,0.0,0.0,0.0,0.0,0.18461880194926283
92,601700.SH,风范股份,0,missing_stock,stock not covered by intraday_features.csv,0.55,0.662935,0.0,0,0.0,0.0,0.5,0.0,0.3195652173913038,0.0,中,分时缺失|低置信,0.2141002290690177,0.0,0.0,0.0,0.0,0.1901752290690177
93,002399.SZ,海普瑞,0,missing_stock,stock not covered by intraday_features.csv,0.55,0.6825,0.0,0,0.0,0.0,0.5,0.0,0.45,0.0,中,分时缺失|低置信,0.20653002457618883,0.0,0.0,0.0,0.0,0.18260502457618882
94,603130.SH,云中马,0,missing_stock,stock not covered by intraday_features.csv,0.55,0.688083,0.0,0,0.0,0.0,0.5,0.0,0.48722084367245594,0.0,中,分时缺失|低置信,0.13088304677196586,0.0,0.0,0.0,0.0,0.10695804677196585
