ts_code,name,industry,trade_date,close,pct_chg,vol,turnover_rate,circ_mv,volume_ratio,lhb_net_amount,is_limit_up_pool,limit_type,up_limit,down_limit,open_times,seal_amount,first_limit_time,last_limit_time,limit_open_count,limit_strength_raw,StrengthScore,base_strength_score,intraday_quality_score,intraday_strength_adjustment,strength_plus_score,intraday_available,intraday_status,intraday_missing_reason,intraday_source_date,intraday_feature_version,intraday_matched_key,auction_available,limitup_quality_score,intraday_soft_risk_score,intraday_hard_risk_flag,intraday_risk_score,late_withdraw_score,reseal_score,open_board_count,open_board_risk_score,auction_strength_score,auction_real_volume_score,seal_stability_score,intraday_confidence_score,intraday_data_status,auction_data_status,strength_feature_count,strength_missing_fields,strength_quality_flag,_f_momo,_f_amt,_f_turn,_f_vr,_f_cap,_f_seal,_f_open_penalty,_strength_quality_adj
600667.SH,太极实业,工程咨询,20260731,17.23,10.0255,3694421.11,17.6636,,1.12,,1.0,U,17.23,14.09,4.0,186820048.0,92504,145122.0,4.0,75.632184,75.632184,75.632184,0.765,0.0,75.632184,0,missing_stock,stock not covered by intraday_features.csv,,,,1,0.55,0.0,0,0.0,0.0,0.5,0.0,0.0,1.0,0.5,0.5,0.0,missing_stock,ok,9,,A,0.9195402298850575,0.5057471264367817,1.0,0.45977011494252873,0.5057471264367817,0.9770114942528736,0.25287356321839083,1.0
000892.SZ,欢瑞世纪,影视院线,20260731,3.69,10.1493,1021927.83,14.3764,,1.37,,1.0,U,3.69,3.02,0.0,23427142.0,100230,100230.0,0.0,72.873563,72.873563,72.873563,0.677127,0.0,72.873563,0,missing_stock,stock not covered by intraday_features.csv,,,,1,0.55,0.0,0,0.0,0.0,0.5,0.0,0.0,0.41417910447761225,0.5,0.5,0.0,missing_stock,ok,9,,A,1.0,0.5057471264367817,0.9425287356321839,0.6206896551724138,0.5057471264367817,0.4367816091954023,0.7701149425287356,1.0
002827.SZ,高争民爆,化学制品,20260731,34.6,10.0159,220277.78,7.9811,,5.13,,1.0,U,34.6,28.31,3.0,88747270.0,93000,93545.0,3.0,72.448276,72.448276,72.448276,0.765,0.0,72.448276,0,missing_stock,stock not covered by intraday_features.csv,,,,1,0.55,0.0,0,0.0,0.0,0.5,0.0,0.0,1.0,0.5,0.5,0.0,missing_stock,ok,9,,A,0.8160919540229885,0.5057471264367817,0.7586206896551724,0.9885057471264368,0.5057471264367817,0.8735632183908046,0.2931034482758621,1.0
603221.SH,爱丽家居,家居用品,20260731,22.54,10.0049,199906.54,8.2514,,14.78,-13184539.5,1.0,U,22.54,18.44,0.0,92439289.0,92503,92503.0,0.0,72.252874,72.252874,72.252874,0.765,0.0,72.252874,0,missing_stock,stock not covered by intraday_features.csv,,,,1,0.55,0.0,0,0.0,0.0,0.5,0.0,0.0,1.0,0.5,0.5,0.0,missing_stock,ok,9,,A,0.6091954022988506,0.5057471264367817,0.7816091954022989,1.0,0.5057471264367817,0.8850574712643678,0.7701149425287356,1.0
603336.SH,宏辉果蔬,种植业,20260731,9.77,10.0225,399277.47,6.5593,,1.42,,1.0,U,9.77,7.99,0.0,47588136.0,103648,103648.0,0.0,69.172414,69.172414,69.172414,0.666284,0.0,69.172414,0,missing_stock,stock not covered by intraday_features.csv,,,,1,0.55,0.0,0,0.0,0.0,0.5,0.0,0.0,0.3418918918918916,0.5,0.5,0.0,missing_stock,ok,9,,A,0.9080459770114943,0.5057471264367817,0.6666666666666666,0.6436781609195402,0.5057471264367817,0.632183908045977,0.7701149425287356,1.0
600588.SH,用友网络,软件开发,20260731,11.08,10.0298,971065.42,2.8419,,1.5,184968087.74,1.0,U,11.08,9.06,0.0,145100477.0,102055,102055.0,0.0,68.413793,68.413793,68.413793,0.658369,0.0,68.413793,0,missing_stock,stock not covered by intraday_features.csv,,,,1,0.55,0.0,0,0.0,0.0,0.5,0.0,0.0,0.28912611717974196,0.5,0.5,0.0,missing_stock,ok,9,,A,0.9425287356321839,0.5057471264367817,0.3103448275862069,0.6896551724137931,0.5057471264367817,0.9655172413793104,0.7701149425287356,1.0
603466.SH,风语筑,数字媒体,20260731,10.21,10.0216,830329.95,13.9591,,1.94,,1.0,U,10.21,8.35,5.0,20795993.0,110128,140046.0,5.0,67.597701,67.597701,67.597701,0.698017,0.0,67.597701,0,missing_stock,stock not covered by intraday_features.csv,,,,1,0.55,0.0,0,0.0,0.0,0.5,0.0,0.0,0.5534482758620685,0.5,0.5,0.0,missing_stock,ok,9,,A,0.8850574712643678,0.5057471264367817,0.9195402298850575,0.7931034482758621,0.5057471264367817,0.367816091954023,0.23563218390804597,1.0
002115.SZ,三维通信,通信服务,20260731,11.23,9.9902,1186071.65,15.8934,,1.98,,1.0,U,11.23,9.19,2.0,132435131.0,130012,143230.0,2.0,66.022989,66.022989,66.022989,0.711589,0.0,66.022989,0,missing_stock,stock not covered by intraday_features.csv,,,,1,0.55,0.0,0,0.0,0.0,0.5,0.0,0.0,0.6439275220372178,0.5,0.5,0.0,missing_stock,ok,9,,A,0.2413793103448276,0.5057471264367817,0.9885057471264368,0.8045977011494253,0.5057471264367817,0.9310344827586207,0.367816091954023,1.0
003001.SZ,中岩大地,专业工程,20260731,19.24,10.0057,125738.56,10.9943,,0.48,,1.0,U,19.24,15.74,0.0,82569537.0,93151,93151.0,0.0,65.977011,65.977011,65.977011,0.734473,0.0,65.977011,0,missing_stock,stock not covered by intraday_features.csv,,,,1,0.55,0.0,0,0.0,0.0,0.5,0.0,0.0,0.7964837049742711,0.5,0.5,0.0,missing_stock,ok,9,,A,0.6206896551724138,0.5057471264367817,0.8620689655172413,0.06896551724137931,0.5057471264367817,0.8505747126436781,0.7701149425287356,1.0
003032.SZ,传智教育,教育,20260731,8.81,9.9875,413173.01,14.5237,,2.21,,1.0,U,8.81,7.21,1.0,122259013.0,92500,93203.0,1.0,65.804598,65.804598,65.804598,0.765,0.0,65.804598,0,missing_stock,stock not covered by intraday_features.csv,,,,1,0.55,0.0,0,0.0,0.0,0.5,0.0,0.0,1.0,0.5,0.5,0.0,missing_stock,ok,9,,A,0.21264367816091953,0.5057471264367817,0.9540229885057471,0.8620689655172413,0.5057471264367817,0.9195402298850575,0.47126436781609193,1.0
603779.SH,威龙股份,非白酒,20260731,7.33,10.0601,420504.89,12.6627,,1.43,31804112.2,1.0,U,7.33,5.99,1.0,211104.0,110401,143149.0,1.0,64.16092,64.16092,64.16092,0.6825,0.0,64.16092,0,missing_stock,stock not covered by intraday_features.csv,,,,1,0.55,0.0,0,0.0,0.0,0.5,0.0,0.0,0.45,0.5,0.5,0.0,missing_stock,ok,9,,A,0.9770114942528736,0.5057471264367817,0.896551724137931,0.6551724137931034,0.5057471264367817,0.011494252873563218,0.47126436781609193,1.0
603039.SH,泛微网络,软件开发,20260731,37.42,9.9941,238483.51,7.7521,,2.13,91096273.0,1.0,U,37.42,30.62,1.0,107641698.0,100955,101058.0,1.0,63.356322,63.356322,63.356322,0.655516,0.0,63.356322,0,missing_stock,stock not covered by intraday_features.csv,,,,1,0.55,0.0,0,0.0,0.0,0.5,0.0,0.0,0.2701058201058198,0.5,0.5,0.0,missing_stock,ok,9,,A,0.3103448275862069,0.5057471264367817,0.7471264367816092,0.8218390804597702,0.5057471264367817,0.9080459770114943,0.47126436781609193,1.0
605208.SH,永茂泰,工业金属,20260731,11.96,10.0276,173237.88,5.2506,,1.04,35795871.37,1.0,U,11.96,9.78,0.0,28487524.0,130810,130810.0,0.0,63.195402,63.195402,63.195402,0.709823,0.0,63.195402,0,missing_stock,stock not covered by intraday_features.csv,,,,1,0.55,0.0,0,0.0,0.0,0.5,0.0,0.0,0.6321527138914445,0.5,0.5,0.0,missing_stock,ok,9,,A,0.9310344827586207,0.5057471264367817,0.5172413793103449,0.40229885057471265,0.5057471264367817,0.5057471264367817,0.7701149425287356,1.0
000815.SZ,美利云,IT服务Ⅱ,20260731,15.18,10.0,641831.88,9.2315,,0.53,,1.0,U,15.18,12.42,0.0,86948277.0,102633,102633.0,0.0,63.103448,63.103448,63.103448,0.719022,0.0,63.103448,0,missing_stock,stock not covered by intraday_features.csv,,,,1,0.55,0.0,0,0.0,0.0,0.5,0.0,0.0,0.6934782608695648,0.5,0.5,0.0,missing_stock,ok,9,,A,0.4827586206896552,0.5057471264367817,0.8160919540229885,0.10344827586206896,0.5057471264367817,0.8620689655172413,0.7701149425287356,1.0
000009.SZ,中国宝安,综合Ⅱ,20260731,7.87,10.0699,1443184.75,5.6024,,4.31,362524375.65,1.0,U,7.87,6.44,7.0,10636541.0,111506,131506.0,7.0,62.551724,62.551724,62.551724,0.659843,0.0,62.551724,0,missing_stock,stock not covered by intraday_features.csv,,,,1,0.55,0.0,0,0.0,0.0,0.5,0.0,0.0,0.29895104895104835,0.5,0.5,0.0,missing_stock,ok,9,,A,0.9885057471264368,0.5057471264367817,0.5862068965517241,0.9770114942528736,0.5057471264367817,0.22988505747126436,0.16091954022988508,1.0
603120.SH,肯特催化,化学制品,20260731,44.73,10.0098,24168.36,6.3769,,0.65,,1.0,U,44.73,36.59,0.0,52883921.0,93503,93503.0,0.0,62.413793,62.413793,62.413793,0.734295,0.0,62.413793,0,missing_stock,stock not covered by intraday_features.csv,,,,1,0.55,0.0,0,0.0,0.0,0.5,0.0,0.0,0.7953025086079692,0.5,0.5,0.0,missing_stock,ok,9,,A,0.7241379310344828,0.5057471264367817,0.6551724137931034,0.1781609195402299,0.5057471264367817,0.6666666666666666,0.7701149425287356,1.0
002131.SZ,利欧股份,通用设备,20260731,4.66,9.9057,8334563.54,14.2354,,2.15,116340513.71,1.0,U,4.66,3.82,2.0,261684359.0,100339,100651.0,2.0,62.022989,62.022989,62.022989,0.678255,0.0,62.022989,0,missing_stock,stock not covered by intraday_features.csv,,,,1,0.55,0.0,0,0.0,0.0,0.5,0.0,0.0,0.4216981132075468,0.5,0.5,0.0,missing_stock,ok,9,,A,0.011494252873563218,0.5057471264367817,0.9310344827586207,0.8505747126436781,0.5057471264367817,0.9885057471264368,0.367816091954023,1.0
603171.SH,税友股份,IT服务Ⅱ,20260731,45.62,10.0072,223232.95,5.4998,,4.16,-34374760.15,1.0,U,45.62,37.32,2.0,35190948.0,104105,112156.0,2.0,61.586207,61.586207,61.586207,0.650597,0.0,61.586207,0,missing_stock,stock not covered by intraday_features.csv,,,,1,0.55,0.0,0,0.0,0.0,0.5,0.0,0.0,0.23731613214371838,0.5,0.5,0.0,missing_stock,ok,9,,A,0.6551724137931034,0.5057471264367817,0.5517241379310345,0.9655172413793104,0.5057471264367817,0.5517241379310345,0.367816091954023,1.0
600986.SH,浙文互联,广告营销,20260731,7.82,9.9859,1471396.72,9.8926,,1.81,,1.0,U,7.82,6.4,0.0,58020310.0,105355,105355.0,0.0,61.218391,61.218391,61.218391,0.668576,0.0,61.218391,0,missing_stock,stock not covered by intraday_features.csv,,,,1,0.55,0.0,0,0.0,0.0,0.5,0.0,0.0,0.35717299578059025,0.5,0.5,0.0,missing_stock,ok,9,,A,0.1724137931034483,0.5057471264367817,0.8275862068965517,0.7816091954022989,0.5057471264367817,0.7241379310344828,0.7701149425287356,1.0
600162.SH,香江控股,房地产开发,20260731,3.18,10.0346,2751605.17,8.4187,,1.6,25768966.800000004,1.0,U,3.18,2.6,8.0,4109832.0,110649,145601.0,8.0,61.114943,61.114943,61.114943,0.676272,0.0,61.114943,0,missing_stock,stock not covered by intraday_features.csv,,,,1,0.55,0.0,0,0.0,0.0,0.5,0.0,0.0,0.40847750865051907,0.5,0.5,0.0,missing_stock,ok,9,,A,0.9540229885057471,0.5057471264367817,0.7931034482758621,0.7126436781609196,0.5057471264367817,0.06896551724137931,0.13218390804597702,1.0
002659.SZ,凯文教育,教育,20260731,4.62,10.0,406064.0,6.7872,,2.22,,1.0,U,4.62,3.78,0.0,23811942.0,105354,105354.0,0.0,60.988506,60.988506,60.988506,0.671786,0.0,60.988506,0,missing_stock,stock not covered by intraday_features.csv,,,,1,0.55,0.0,0,0.0,0.0,0.5,0.0,0.0,0.37857142857142884,0.5,0.5,0.0,missing_stock,ok,9,,A,0.4827586206896552,0.5057471264367817,0.6781609195402298,0.8735632183908046,0.5057471264367817,0.4482758620689655,0.7701149425287356,1.0
000506.SZ,招金黄金,贵金属,20260731,14.52,10.0,1274748.58,13.7261,,1.74,154069524.34,1.0,U,14.52,11.88,26.0,24053222.0,101151,135536.0,26.0,59.862069,59.862069,59.862069,0.687273,0.0,59.862069,0,missing_stock,stock not covered by intraday_features.csv,,,,1,0.55,0.0,0,0.0,0.0,0.5,0.0,0.0,0.48181818181818215,0.5,0.5,0.0,missing_stock,ok,9,,A,0.4827586206896552,0.5057471264367817,0.9080459770114943,0.7471264367816092,0.5057471264367817,0.45977011494252873,0.03448275862068963,1.0
603106.SH,恒银科技,计算机设,20260731,7.47,10.0147,120708.83,2.319,,1.73,,1.0,U,7.47,6.11,0.0,47503903.0,94029,94029.0,0.0,59.448276,59.448276,59.448276,0.678524,0.0,59.448276,0,missing_stock,stock not covered by intraday_features.csv,,,,1,0.55,0.0,0,0.0,0.0,0.5,0.0,0.0,0.4234904270986746,0.5,0.5,0.0,missing_stock,ok,9,,A,0.8045977011494253,0.5057471264367817,0.20689655172413793,0.735632183908046,0.5057471264367817,0.6091954022988506,0.7701149425287356,1.0
600580.SH,卧龙电驱,电机Ⅱ,20260731,31.69,9.9965,702327.6,4.5089,,2.7,,1.0,U,31.69,25.93,2.0,104921565.0,110750,130241.0,2.0,59.229885,59.229885,59.229885,0.730296,0.0,59.229885,0,missing_stock,stock not covered by intraday_features.csv,,,,1,0.55,0.0,0,0.0,0.0,0.5,0.0,0.0,0.7686393613328713,0.5,0.5,0.0,missing_stock,ok,9,,A,0.3735632183908046,0.5057471264367817,0.45977011494252873,0.9080459770114943,0.5057471264367817,0.896551724137931,0.367816091954023,1.0
603316.SH,诚邦股份,半导体,20260731,12.63,10.0174,79704.0,3.0161,,0.63,,1.0,U,12.63,10.33,0.0,54977127.0,94530,94530.0,0.0,59.195402,59.195402,59.195402,0.731106,0.0,59.195402,0,missing_stock,stock not covered by intraday_features.csv,,,,1,0.55,0.0,0,0.0,0.0,0.5,0.0,0.0,0.7740418118466892,0.5,0.5,0.0,missing_stock,ok,9,,A,0.8620689655172413,0.5057471264367817,0.3333333333333333,0.14942528735632185,0.5057471264367817,0.6896551724137931,0.7701149425287356,1.0
001359.SZ,平安电工,塑料,20260731,76.67,10.0,52270.99,8.6698,,1.21,,1.0,U,76.67,62.73,3.0,32948932.0,93000,104415.0,3.0,58.770115,58.770115,58.770115,0.765,0.0,58.770115,0,missing_stock,stock not covered by intraday_features.csv,,,,1,0.55,0.0,0,0.0,0.0,0.5,0.0,0.0,1.0,0.5,0.5,0.0,missing_stock,ok,9,,A,0.4827586206896552,0.5057471264367817,0.8045977011494253,0.5287356321839081,0.5057471264367817,0.5287356321839081,0.2931034482758621,1.0
603629.SH,利通电子,消费电子,20260731,96.01,10.0023,189056.93,5.241,,0.5,,1.0,U,96.01,78.55,2.0,306098985.0,92503,102651.0,2.0,58.183908,58.183908,58.183908,0.765,0.0,58.183908,0,missing_stock,stock not covered by intraday_features.csv,,,,1,0.55,0.0,0,0.0,0.0,0.5,0.0,0.0,1.0,0.5,0.5,0.0,missing_stock,ok,9,,A,0.5517241379310345,0.5057471264367817,0.5057471264367817,0.09195402298850575,0.5057471264367817,1.0,0.367816091954023,1.0
002432.SZ,九安医疗,医疗器械,20260731,68.46,9.9936,477129.66,10.2548,,1.15,113549539.31,1.0,U,68.46,56.02,8.0,68801067.0,104427,144600.0,8.0,58.126437,58.126437,58.126437,0.730363,0.0,58.126437,0,missing_stock,stock not covered by intraday_features.csv,,,,1,0.55,0.0,0,0.0,0.0,0.5,0.0,0.0,0.7690874035989712,0.5,0.5,0.0,missing_stock,ok,9,,A,0.2988505747126437,0.5057471264367817,0.8390804597701149,0.4827586206896552,0.5057471264367817,0.7701149425287356,0.13218390804597702,1.0
002354.SZ,天娱数科,广告营销,20260731,6.51,9.9662,1760800.56,10.8311,,1.01,,1.0,U,6.51,5.33,1.0,143908491.0,93257,93633.0,1.0,58.091954,58.091954,58.091954,0.705304,0.0,58.091954,0,missing_stock,stock not covered by intraday_features.csv,,,,1,0.55,0.0,0,0.0,0.0,0.5,0.0,0.0,0.6020270270270277,0.5,0.5,0.0,missing_stock,ok,9,,A,0.08045977011494253,0.5057471264367817,0.8505747126436781,0.367816091954023,0.5057471264367817,0.9540229885057471,0.47126436781609193,1.0
002851.SZ,麦格米特,其他电源,20260731,106.45,10.0031,293213.41,6.3529,,1.05,356912849.1,1.0,U,106.45,87.09,28.0,67626620.0,93806,112809.0,28.0,58.045977,58.045977,58.045977,0.765,0.0,58.045977,0,missing_stock,stock not covered by intraday_features.csv,,,,1,0.55,0.0,0,0.0,0.0,0.5,0.0,0.0,1.0,0.5,0.5,0.0,missing_stock,ok,9,,A,0.5747126436781609,0.5057471264367817,0.6436781609195402,0.41379310344827586,0.5057471264367817,0.7471264367816092,0.022988505747126423,1.0
002896.SZ,中大力德,通用设备,20260731,65.24,9.9983,80825.75,4.1128,,1.36,,1.0,U,65.24,53.38,0.0,79203969.0,94245,94245.0,0.0,57.862069,57.862069,57.862069,0.748509,0.0,57.862069,0,missing_stock,stock not covered by intraday_features.csv,,,,1,0.55,0.0,0,0.0,0.0,0.5,0.0,0.0,0.8900606980273131,0.5,0.5,0.0,missing_stock,ok,9,,A,0.41379310344827586,0.5057471264367817,0.42528735632183906,0.603448275862069,0.5057471264367817,0.7931034482758621,0.7701149425287356,1.0
002774.SZ,快意电梯,专用设备,20260731,14.82,10.0223,210570.5,7.4732,,1.28,,1.0,U,14.82,12.12,36.0,6609720.0,94409,143012.0,36.0,57.678161,57.678161,57.678161,0.709894,0.0,57.678161,0,missing_stock,stock not covered by intraday_features.csv,,,,1,0.55,0.0,0,0.0,0.0,0.5,0.0,0.0,0.6326280623608017,0.5,0.5,0.0,missing_stock,ok,9,,A,0.896551724137931,0.5057471264367817,0.7126436781609196,0.5632183908045977,0.5057471264367817,0.13793103448275862,0.011494252873563218,1.0
605069.SH,正和生态,环境治理,20260731,9.96,10.0552,121585.81,5.7434,,1.79,9421171.6,1.0,U,9.96,8.15,9.0,2914983.0,94922,134434.0,9.0,57.482759,57.482759,57.482759,0.698412,0.0,57.482759,0,missing_stock,stock not covered by intraday_features.csv,,,,1,0.55,0.0,0,0.0,0.0,0.5,0.0,0.0,0.5560773480662988,0.5,0.5,0.0,missing_stock,ok,9,,A,0.9655172413793104,0.5057471264367817,0.5977011494252874,0.7701149425287356,0.5057471264367817,0.022988505747126436,0.10919540229885062,1.0
605287.SH,德才股份,装修装饰,20260731,34.72,10.0127,36108.59,2.5792,,0.91,,1.0,U,34.72,28.4,0.0,53881968.0,94608,94608.0,0.0,57.310345,57.310345,57.310345,0.693337,0.0,57.310345,0,missing_stock,stock not covered by intraday_features.csv,,,,1,0.55,0.0,0,0.0,0.0,0.5,0.0,0.0,0.5222433460076047,0.5,0.5,0.0,missing_stock,ok,9,,A,0.7816091954022989,0.5057471264367817,0.2413793103448276,0.3218390804597701,0.5057471264367817,0.6781609195402298,0.7701149425287356,1.0
000676.SZ,智度股份,广告营销,20260731,7.49,9.9853,1404564.63,11.1559,,0.78,,1.0,U,7.49,6.13,1.0,79261958.0,100006,100236.0,1.0,57.126437,57.126437,57.126437,0.654747,0.0,57.126437,0,missing_stock,stock not covered by intraday_features.csv,,,,1,0.55,0.0,0,0.0,0.0,0.5,0.0,0.0,0.26497797356828184,0.5,0.5,0.0,missing_stock,ok,9,,A,0.16091954022988506,0.5057471264367817,0.8735632183908046,0.27586206896551724,0.5057471264367817,0.8045977011494253,0.47126436781609193,1.0
605179.SH,一鸣食品,饮料乳品,20260731,19.37,9.9943,212254.97,5.2931,,3.61,-24213774.0,1.0,U,19.37,15.85,1.0,49104906.0,93211,93317.0,1.0,57.103448,57.103448,57.103448,0.673812,0.0,57.103448,0,missing_stock,stock not covered by intraday_features.csv,,,,1,0.55,0.0,0,0.0,0.0,0.5,0.0,0.0,0.39207836456558837,0.5,0.5,0.0,missing_stock,ok,9,,A,0.3333333333333333,0.5057471264367817,0.5287356321839081,0.9425287356321839,0.5057471264367817,0.6436781609195402,0.47126436781609193,1.0
002957.SZ,科瑞技术,自动化设,20260731,33.83,10.0163,91223.97,2.1789,,0.63,,1.0,U,33.83,27.68,0.0,80958437.0,93809,93809.0,0.0,57.034483,57.034483,57.034483,0.746012,0.0,57.034483,0,missing_stock,stock not covered by intraday_features.csv,,,,1,0.55,0.0,0,0.0,0.0,0.5,0.0,0.0,0.8734146341463415,0.5,0.5,0.0,missing_stock,ok,9,,A,0.8275862068965517,0.5057471264367817,0.14942528735632185,0.14942528735632185,0.5057471264367817,0.8160919540229885,0.7701149425287356,1.0
002552.SZ,宝鼎科技,元件,20260731,35.05,10.0126,99118.0,2.6897,,0.58,,1.0,U,35.05,28.67,0.0,58116405.0,93621,93621.0,0.0,56.666667,56.666667,56.666667,0.765,0.0,56.666667,0,missing_stock,stock not covered by intraday_features.csv,,,,1,0.55,0.0,0,0.0,0.0,0.5,0.0,0.0,1.0,0.5,0.5,0.0,missing_stock,ok,9,,A,0.7701149425287356,0.5057471264367817,0.26436781609195403,0.11494252873563218,0.5057471264367817,0.735632183908046,0.7701149425287356,1.0
002979.SZ,雷赛智能,自动化设,20260731,57.37,10.0096,133362.84,5.9862,,1.07,,1.0,U,57.37,46.94,1.0,17744541.0,131521,131715.0,1.0,56.62069,56.62069,56.62069,0.731685,0.0,56.62069,0,missing_stock,stock not covered by intraday_features.csv,,,,1,0.55,0.0,0,0.0,0.0,0.5,0.0,0.0,0.7779002876318308,0.5,0.5,0.0,missing_stock,ok,9,,A,0.7011494252873564,0.5057471264367817,0.6091954022988506,0.4367816091954023,0.5057471264367817,0.3218390804597701,0.47126436781609193,1.0
000820.SZ,神雾节能,环保设备,20260731,3.52,10.0,78371.78,2.6391,,2.78,-3139584.0,1.0,U,3.52,2.88,0.0,47525709.0,92500,92500.0,0.0,56.206897,56.206897,56.206897,0.765,0.0,56.206897,0,missing_stock,stock not covered by intraday_features.csv,,,,1,0.55,0.0,0,0.0,0.0,0.5,0.0,0.0,1.0,0.5,0.5,0.0,missing_stock,ok,9,,A,0.4827586206896552,0.5057471264367817,0.25287356321839083,0.9310344827586207,0.5057471264367817,0.6206896551724138,0.7701149425287356,1.0
003018.SZ,金富科技,包装印刷,20260731,31.74,10.0173,36067.94,1.2677,,0.3,,1.0,U,31.74,25.97,0.0,136516945.0,93239,93239.0,0.0,56.091954,56.091954,56.091954,0.745828,0.0,56.091954,0,missing_stock,stock not covered by intraday_features.csv,,,,1,0.55,0.0,0,0.0,0.0,0.5,0.0,0.0,0.8721837088388213,0.5,0.5,0.0,missing_stock,ok,9,,A,0.8505747126436781,0.5057471264367817,0.034482758620689655,0.017241379310344827,0.5057471264367817,0.9425287356321839,0.7701149425287356,1.0
603738.SH,泰晶科技,元件,20260731,29.92,10.0,298175.82,7.727,,1.01,,1.0,U,29.92,24.48,7.0,40127507.0,93019,112052.0,7.0,56.091954,56.091954,56.091954,0.765,0.0,56.091954,0,missing_stock,stock not covered by intraday_features.csv,,,,1,0.55,0.0,0,0.0,0.0,0.5,0.0,0.0,1.0,0.5,0.5,0.0,missing_stock,ok,9,,A,0.4827586206896552,0.5057471264367817,0.735632183908046,0.367816091954023,0.5057471264367817,0.5747126436781609,0.16091954022988508,1.0
603956.SH,威派格,专用设备,20260731,6.59,10.0167,318709.9,5.5923,,1.06,,1.0,U,6.59,5.39,11.0,15834452.0,130111,133917.0,11.0,55.885057,55.885057,55.885057,0.693018,0.0,55.885057,0,missing_stock,stock not covered by intraday_features.csv,,,,1,0.55,0.0,0,0.0,0.0,0.5,0.0,0.0,0.5201168614357259,0.5,0.5,0.0,missing_stock,ok,9,,A,0.8390804597701149,0.5057471264367817,0.5747126436781609,0.42528735632183906,0.5057471264367817,0.3103448275862069,0.08045977011494256,1.0
002015.SZ,协鑫能科,电力,20260731,15.08,9.9927,986190.83,6.0751,,1.36,184457143.23,1.0,U,15.08,12.34,0.0,33209176.0,142603,142603.0,0.0,55.563218,55.563218,55.563218,0.694973,0.0,55.563218,0,missing_stock,stock not covered by intraday_features.csv,,,,1,0.55,0.0,0,0.0,0.0,0.5,0.0,0.0,0.5331509846827125,0.5,0.5,0.0,missing_stock,ok,9,,A,0.27586206896551724,0.5057471264367817,0.632183908045977,0.603448275862069,0.5057471264367817,0.5402298850574713,0.7701149425287356,1.0
000593.SZ,德龙汇能,燃气Ⅱ,20260731,16.92,10.013,64925.05,1.8111,,0.33,,1.0,U,16.92,13.84,0.0,82413851.0,92500,92500.0,0.0,55.402299,55.402299,55.402299,0.765,0.0,55.402299,0,missing_stock,stock not covered by intraday_features.csv,,,,1,0.55,0.0,0,0.0,0.0,0.5,0.0,0.0,1.0,0.5,0.5,0.0,missing_stock,ok,9,,A,0.7931034482758621,0.5057471264367817,0.12643678160919541,0.034482758620689655,0.5057471264367817,0.8390804597701149,0.7701149425287356,1.0
600449.SH,宁夏建材,水泥,20260731,13.08,10.0084,110258.31,2.3058,,1.75,,1.0,U,13.08,10.7,0.0,28477776.0,94225,94225.0,0.0,55.333333,55.333333,55.333333,0.70975,0.0,55.333333,0,missing_stock,stock not covered by intraday_features.csv,,,,1,0.55,0.0,0,0.0,0.0,0.5,0.0,0.0,0.6316652649285109,0.5,0.5,0.0,missing_stock,ok,9,,A,0.6896551724137931,0.5057471264367817,0.1724137931034483,0.7586206896551724,0.5057471264367817,0.4942528735632184,0.7701149425287356,1.0
002929.SZ,润建股份,通信服务,20260731,47.97,9.9977,157775.0,7.2852,,1.29,,1.0,U,47.97,39.25,1.0,21163116.0,102751,130015.0,1.0,54.689655,54.689655,54.689655,0.731824,0.0,54.689655,0,missing_stock,stock not covered by intraday_features.csv,,,,1,0.55,0.0,0,0.0,0.0,0.5,0.0,0.0,0.7788236642971802,0.5,0.5,0.0,missing_stock,ok,9,,A,0.39080459770114945,0.5057471264367817,0.7011494252873564,0.5862068965517241,0.5057471264367817,0.3793103448275862,0.47126436781609193,1.0
003036.SZ,泰坦股份,专用设备,20260731,45.05,10.0122,47585.2,2.1969,,0.76,,1.0,U,45.05,36.86,0.0,52325575.0,93509,93509.0,0.0,54.666667,54.666667,54.666667,0.718104,0.0,54.666667,0,missing_stock,stock not covered by intraday_features.csv,,,,1,0.55,0.0,0,0.0,0.0,0.5,0.0,0.0,0.6873626373626365,0.5,0.5,0.0,missing_stock,ok,9,,A,0.7586206896551724,0.5057471264367817,0.16091954022988506,0.26436781609195403,0.5057471264367817,0.6551724137931034,0.7701149425287356,1.0
603696.SH,安记食品,调味发酵,20260731,13.44,9.9836,366283.8,15.5733,,3.91,-33513440.909999996,1.0,U,13.44,11.0,3.0,7866432.0,145059,145541.0,3.0,53.862069,53.862069,53.862069,0.6375,0.0,53.862069,0,missing_stock,stock not covered by intraday_features.csv,,,,1,0.55,0.0,0,0.0,0.0,0.5,0.0,0.0,0.15,0.5,0.5,0.0,missing_stock,ok,9,,A,0.14367816091954022,0.5057471264367817,0.9770114942528736,0.9540229885057471,0.5057471264367817,0.14942528735632185,0.2931034482758621,1.0
000428.SZ,华天酒店,酒店餐饮,20260731,4.21,9.9217,1197068.99,11.7483,,2.63,,1.0,U,4.21,3.45,6.0,25587538.0,93409,100042.0,6.0,53.689655,53.689655,53.689655,0.670751,0.0,53.689655,0,missing_stock,stock not covered by intraday_features.csv,,,,1,0.55,0.0,0,0.0,0.0,0.5,0.0,0.0,0.37167101827676197,0.5,0.5,0.0,missing_stock,ok,9,,A,0.022988505747126436,0.5057471264367817,0.8850574712643678,0.896551724137931,0.5057471264367817,0.4827586206896552,0.20114942528735635,1.0
002235.SZ,安妮股份,造纸,20260731,8.03,10.0,456347.05,8.2436,,1.28,,1.0,U,8.03,6.57,5.0,10096922.0,132912,134912.0,5.0,53.413793,53.413793,53.413793,0.692363,0.0,53.413793,0,missing_stock,stock not covered by intraday_features.csv,,,,1,0.55,0.0,0,0.0,0.0,0.5,0.0,0.0,0.5157534246575339,0.5,0.5,0.0,missing_stock,ok,9,,A,0.4827586206896552,0.5057471264367817,0.7701149425287356,0.5632183908045977,0.5057471264367817,0.19540229885057472,0.23563218390804597,1.0
603598.SH,引力传媒,广告营销,20260731,17.07,9.9871,205799.04,7.6391,,2.13,,1.0,U,17.07,13.97,2.0,22470948.0,102023,103159.0,2.0,53.126437,53.126437,53.126437,0.68018,0.0,53.126437,0,missing_stock,stock not covered by intraday_features.csv,,,,1,0.55,0.0,0,0.0,0.0,0.5,0.0,0.0,0.43453608247422687,0.5,0.5,0.0,missing_stock,ok,9,,A,0.1839080459770115,0.5057471264367817,0.7241379310344828,0.8218390804597702,0.5057471264367817,0.41379310344827586,0.367816091954023,1.0
002346.SZ,柘中股份,电网设备,20260731,17.13,10.0193,68359.45,1.7434,,1.38,,1.0,U,17.13,14.01,0.0,10767918.0,132436,132436.0,0.0,53.057471,53.057471,53.057471,0.698107,0.0,53.057471,0,missing_stock,stock not covered by intraday_features.csv,,,,1,0.55,0.0,0,0.0,0.0,0.5,0.0,0.0,0.554046242774566,0.5,0.5,0.0,missing_stock,ok,9,,A,0.8735632183908046,0.5057471264367817,0.11494252873563218,0.632183908045977,0.5057471264367817,0.2413793103448276,0.7701149425287356,1.0
603067.SH,振华股份,化学原料,20260731,31.14,9.9965,211222.94,2.7957,,0.72,,1.0,U,31.14,25.48,0.0,81020768.0,93637,93637.0,0.0,52.057471,52.057471,52.057471,0.736227,0.0,52.057471,0,missing_stock,stock not covered by intraday_features.csv,,,,1,0.55,0.0,0,0.0,0.0,0.5,0.0,0.0,0.8081773225008833,0.5,0.5,0.0,missing_stock,ok,9,,A,0.3735632183908046,0.5057471264367817,0.28735632183908044,0.21839080459770116,0.5057471264367817,0.8275862068965517,0.7701149425287356,1.0
603031.SH,安孚科技,电池,20260731,37.47,10.0117,189099.74,6.0148,,0.99,,1.0,U,37.47,30.65,23.0,6246249.0,94101,131128.0,23.0,51.632184,51.632184,51.632184,0.734027,0.0,51.632184,0,missing_stock,stock not covered by intraday_features.csv,,,,1,0.55,0.0,0,0.0,0.0,0.5,0.0,0.0,0.793511450381679,0.5,0.5,0.0,missing_stock,ok,9,,A,0.7471264367816092,0.5057471264367817,0.6206896551724138,0.3448275862068966,0.5057471264367817,0.12643678160919541,0.04597701149425283,1.0
600602.SH,云赛智联,软件开发,20260731,17.62,9.9875,431281.24,4.0145,,0.9,,1.0,U,17.62,14.42,0.0,68223248.0,102702,102702.0,0.0,51.206897,51.206897,51.206897,0.723511,0.0,51.206897,0,missing_stock,stock not covered by intraday_features.csv,,,,1,0.55,0.0,0,0.0,0.0,0.5,0.0,0.0,0.7234082397003746,0.5,0.5,0.0,missing_stock,ok,9,,A,0.21264367816091953,0.5057471264367817,0.41379310344827586,0.3103448275862069,0.5057471264367817,0.7586206896551724,0.7701149425287356,1.0
002197.SZ,证通电子,计算机设,20260731,6.72,9.9836,798588.51,14.9548,,0.98,,1.0,U,6.72,5.5,6.0,20017065.0,102742,105854.0,6.0,51.034483,51.034483,51.034483,0.713433,0.0,51.034483,0,missing_stock,stock not covered by intraday_features.csv,,,,1,0.55,0.0,0,0.0,0.0,0.5,0.0,0.0,0.6562193126022906,0.5,0.5,0.0,missing_stock,ok,9,,A,0.14367816091954022,0.5057471264367817,0.9655172413793104,0.3333333333333333,0.5057471264367817,0.3563218390804598,0.20114942528735635,1.0
002931.SZ,锋龙股份,通用设备,20260731,44.9,9.9951,80573.01,3.9774,,0.81,,1.0,U,44.9,36.74,0.0,39005842.0,95154,95154.0,0.0,50.45977,50.45977,50.45977,0.726155,0.0,50.45977,0,missing_stock,stock not covered by intraday_features.csv,,,,1,0.55,0.0,0,0.0,0.0,0.5,0.0,0.0,0.7410338069573734,0.5,0.5,0.0,missing_stock,ok,9,,A,0.3448275862068966,0.5057471264367817,0.40229885057471265,0.28735632183908044,0.5057471264367817,0.5632183908045977,0.7701149425287356,1.0
603115.SH,海星股份,元件,20260731,69.25,10.0079,33871.15,1.4003,,0.3,,1.0,U,69.25,56.66,0.0,57601111.0,93301,93301.0,0.0,50.183908,50.183908,50.183908,0.763564,0.0,50.183908,0,missing_stock,stock not covered by intraday_features.csv,,,,1,0.55,0.0,0,0.0,0.0,0.5,0.0,0.0,0.9904289118347891,0.5,0.5,0.0,missing_stock,ok,9,,A,0.6781609195402298,0.5057471264367817,0.05747126436781609,0.017241379310344827,0.5057471264367817,0.7126436781609196,0.7701149425287356,1.0
002775.SZ,文科股份,基础建设,20260731,3.96,10.0,247281.21,4.2575,,0.72,,1.0,U,3.96,3.24,0.0,18652621.0,104824,104824.0,0.0,49.793103,49.793103,49.793103,0.6875,0.0,49.793103,0,missing_stock,stock not covered by intraday_features.csv,,,,1,0.55,0.0,0,0.0,0.0,0.5,0.0,0.0,0.4833333333333332,0.5,0.5,0.0,missing_stock,ok,9,,A,0.4827586206896552,0.5057471264367817,0.4367816091954023,0.21839080459770116,0.5057471264367817,0.3333333333333333,0.7701149425287356,1.0
001223.SZ,欧克科技,自动化设,20260731,32.88,10.0033,16150.19,2.3126,,0.75,,1.0,U,32.88,26.9,0.0,24503228.0,95106,95106.0,0.0,49.310345,49.310345,49.310345,0.699362,0.0,49.310345,0,missing_stock,stock not covered by intraday_features.csv,,,,1,0.55,0.0,0,0.0,0.0,0.5,0.0,0.0,0.5624121779859486,0.5,0.5,0.0,missing_stock,ok,9,,A,0.5862068965517241,0.5057471264367817,0.1839080459770115,0.25287356321839083,0.5057471264367817,0.47126436781609193,0.7701149425287356,1.0
603721.SH,中广天择,影视院线,20260731,17.27,10.0,59351.0,4.5655,,2.14,,1.0,U,17.27,14.13,3.0,5674922.0,102820,133753.0,3.0,49.298851,49.298851,49.298851,0.6825,0.0,49.298851,0,missing_stock,stock not covered by intraday_features.csv,,,,1,0.55,0.0,0,0.0,0.0,0.5,0.0,0.0,0.45,0.5,0.5,0.0,missing_stock,ok,9,,A,0.4827586206896552,0.5057471264367817,0.47126436781609193,0.8390804597701149,0.5057471264367817,0.10344827586206896,0.2931034482758621,1.0
603533.SH,掌阅科技,数字媒体,20260731,22.26,9.9802,303018.75,6.9041,,1.16,,1.0,U,22.26,18.22,1.0,23092212.0,101628,101937.0,1.0,49.218391,49.218391,49.218391,0.700731,0.0,49.218391,0,missing_stock,stock not covered by intraday_features.csv,,,,1,0.55,0.0,0,0.0,0.0,0.5,0.0,0.0,0.5715415019762843,0.5,0.5,0.0,missing_stock,ok,9,,A,0.10344827586206896,0.5057471264367817,0.6896551724137931,0.4942528735632184,0.5057471264367817,0.42528735632183906,0.47126436781609193,1.0
001400.SZ,江顺科技,专用设备,20260731,67.32,10.0,10706.46,2.3158,,0.72,,1.0,U,67.32,55.08,0.0,41393317.0,95942,95942.0,0.0,48.988506,48.988506,48.988506,0.704118,0.0,48.988506,0,missing_stock,stock not covered by intraday_features.csv,,,,1,0.55,0.0,0,0.0,0.0,0.5,0.0,0.0,0.5941176470588231,0.5,0.5,0.0,missing_stock,ok,9,,A,0.4827586206896552,0.5057471264367817,0.19540229885057472,0.21839080459770116,0.5057471264367817,0.5862068965517241,0.7701149425287356,1.0
603139.SH,康惠股份,中药Ⅱ,20260731,33.08,10.01,36840.0,3.6884,,1.51,,1.0,U,33.08,27.06,10.0,3794276.0,94119,150000.0,10.0,48.873563,48.873563,48.873563,0.707043,0.0,48.873563,0,missing_stock,stock not covered by intraday_features.csv,,,,1,0.55,0.0,0,0.0,0.0,0.5,0.0,0.0,0.6136182241436654,0.5,0.5,0.0,missing_stock,ok,9,,A,0.735632183908046,0.5057471264367817,0.367816091954023,0.7011494252873564,0.5057471264367817,0.04597701149425287,0.09195402298850576,1.0
605318.SH,法狮龙,装修建材,20260731,73.33,10.006,17691.24,1.4071,,1.19,,1.0,U,73.33,59.99,0.0,18728482.0,130022,130022.0,0.0,48.413793,48.413793,48.413793,0.712608,0.0,48.413793,0,missing_stock,stock not covered by intraday_features.csv,,,,1,0.55,0.0,0,0.0,0.0,0.5,0.0,0.0,0.6507200720072015,0.5,0.5,0.0,missing_stock,ok,9,,A,0.632183908045977,0.5057471264367817,0.06896551724137931,0.5172413793103449,0.5057471264367817,0.3448275862068966,0.7701149425287356,1.0
603337.SH,杰克科技,专用设备,20260731,43.11,10.0026,70981.82,1.5199,,2.73,,1.0,U,43.11,35.27,6.0,21878325.0,94740,131610.0,6.0,48.195402,48.195402,48.195402,0.717637,0.0,48.195402,0,missing_stock,stock not covered by intraday_features.csv,,,,1,0.55,0.0,0,0.0,0.0,0.5,0.0,0.0,0.684243429446288,0.5,0.5,0.0,missing_stock,ok,9,,A,0.5632183908045977,0.5057471264367817,0.09195402298850575,0.9195402298850575,0.5057471264367817,0.40229885057471265,0.20114942528735635,1.0
603375.SH,盛景微,半导体,20260731,33.46,9.9934,28115.73,4.4082,,1.45,,1.0,U,33.46,27.38,1.0,15394946.0,94146,145443.0,1.0,47.632184,47.632184,47.632184,0.72037,0.0,47.632184,0,missing_stock,stock not covered by intraday_features.csv,,,,1,0.55,0.0,0,0.0,0.0,0.5,0.0,0.0,0.7024654832347136,0.5,0.5,0.0,missing_stock,ok,9,,A,0.28735632183908044,0.5057471264367817,0.4482758620689655,0.6666666666666666,0.5057471264367817,0.28735632183908044,0.47126436781609193,1.0
603637.SH,镇海股份,专业工程,20260731,11.67,9.9906,89818.1,3.763,,1.28,,1.0,U,11.67,9.55,0.0,15502428.0,111958,111958.0,0.0,47.103448,47.103448,47.103448,0.690134,0.0,47.103448,0,missing_stock,stock not covered by intraday_features.csv,,,,1,0.55,0.0,0,0.0,0.0,0.5,0.0,0.0,0.5008953817153631,0.5,0.5,0.0,missing_stock,ok,9,,A,0.25287356321839083,0.5057471264367817,0.39080459770114945,0.5632183908045977,0.5057471264367817,0.2988505747126437,0.7701149425287356,1.0
605178.SH,时空科技,专业工程,20260731,59.3,9.9981,24881.0,2.5112,,0.63,,1.0,U,59.3,48.52,2.0,55564100.0,93002,94147.0,2.0,46.597701,46.597701,46.597701,0.757792,0.0,46.597701,0,missing_stock,stock not covered by intraday_features.csv,,,,1,0.55,0.0,0,0.0,0.0,0.5,0.0,0.0,0.951947690595438,0.5,0.5,0.0,missing_stock,ok,9,,A,0.40229885057471265,0.5057471264367817,0.21839080459770116,0.14942528735632185,0.5057471264367817,0.7011494252873564,0.367816091954023,1.0
603261.SH,立航科技,航空装备,20260731,45.39,10.0097,21978.37,2.8357,,0.88,,1.0,U,45.39,37.13,3.0,6087797.0,94731,150000.0,3.0,46.172414,46.172414,46.172414,0.720454,0.0,46.172414,0,missing_stock,stock not covered by intraday_features.csv,,,,1,0.55,0.0,0,0.0,0.0,0.5,0.0,0.0,0.703029568589433,0.5,0.5,0.0,missing_stock,ok,9,,A,0.7126436781609196,0.5057471264367817,0.2988505747126437,0.2988505747126437,0.5057471264367817,0.11494252873563218,0.2931034482758621,1.0
000032.SZ,深桑达Ａ,专业工程,20260731,13.54,9.9919,634457.23,5.2211,,1.17,,1.0,U,13.54,11.08,0.0,4387433.0,105727,105727.0,0.0,45.655172,45.655172,45.655172,0.742451,0.0,45.655172,0,missing_stock,stock not covered by intraday_features.csv,,,,1,0.55,0.0,0,0.0,0.0,0.5,0.0,0.0,0.8496750609260759,0.5,0.5,0.0,missing_stock,ok,9,,A,0.26436781609195403,0.5057471264367817,0.4942528735632184,0.5057471264367817,0.5057471264367817,0.08045977011494253,0.7701149425287356,1.0
600673.SH,东阳光,综合Ⅱ,20260731,28.36,10.0078,495280.85,1.6501,,1.08,,1.0,U,28.36,23.2,16.0,21272722.0,94109,112948.0,16.0,45.471264,45.471264,45.471264,0.745339,0.0,45.471264,0,missing_stock,stock not covered by intraday_features.csv,,,,1,0.55,0.0,0,0.0,0.0,0.5,0.0,0.0,0.868929402637703,0.5,0.5,0.0,missing_stock,ok,9,,A,0.6666666666666666,0.5057471264367817,0.10344827586206896,0.4482758620689655,0.5057471264367817,0.39080459770114945,0.05747126436781615,1.0
603286.SH,日盈电子,汽车零部件,20260731,37.75,9.9942,34347.0,2.9385,,1.03,,1.0,U,37.75,30.89,0.0,11094725.0,111007,111007.0,0.0,45.08046,45.08046,45.08046,0.716066,0.0,45.08046,0,missing_stock,stock not covered by intraday_features.csv,,,,1,0.55,0.0,0,0.0,0.0,0.5,0.0,0.0,0.6737762237762241,0.5,0.5,0.0,missing_stock,ok,9,,A,0.3218390804597701,0.5057471264367817,0.3218390804597701,0.39080459770114945,0.5057471264367817,0.25287356321839083,0.7701149425287356,1.0
000048.SZ,京基智农,养殖业,20260731,18.81,10.0,176576.87,3.336,,1.27,,1.0,U,18.81,15.39,6.0,9489645.0,93321,104609.0,6.0,45.045977,45.045977,45.045977,0.711447,0.0,45.045977,0,missing_stock,stock not covered by intraday_features.csv,,,,1,0.55,0.0,0,0.0,0.0,0.5,0.0,0.0,0.6429824561403497,0.5,0.5,0.0,missing_stock,ok,9,,A,0.4827586206896552,0.5057471264367817,0.3448275862068966,0.5402298850574713,0.5057471264367817,0.1724137931034483,0.20114942528735635,1.0
003005.SZ,竞业达,IT服务Ⅱ,20260731,13.23,9.9751,47726.75,3.7587,,1.49,,1.0,U,13.23,10.83,0.0,11608425.0,105430,105430.0,0.0,44.436782,44.436782,44.436782,0.684744,0.0,44.436782,0,missing_stock,stock not covered by intraday_features.csv,,,,1,0.55,0.0,0,0.0,0.0,0.5,0.0,0.0,0.46496259351621055,0.5,0.5,0.0,missing_stock,ok,9,,A,0.09195402298850575,0.5057471264367817,0.3793103448275862,0.6781609195402298,0.5057471264367817,0.26436781609195403,0.7701149425287356,1.0
603682.SH,锦和商管,一般零售,20260731,9.6,9.9656,264060.38,5.5886,,2.25,,1.0,U,9.6,7.86,15.0,10392960.0,94416,130019.0,15.0,44.137931,44.137931,44.137931,0.679407,0.0,44.137931,0,missing_stock,stock not covered by intraday_features.csv,,,,1,0.55,0.0,0,0.0,0.0,0.5,0.0,0.0,0.4293814432989685,0.5,0.5,0.0,missing_stock,ok,9,,A,0.06896551724137931,0.5057471264367817,0.5632183908045977,0.8850574712643678,0.5057471264367817,0.21839080459770116,0.06896551724137935,1.0
001267.SZ,汇绿生态,通信设备,20260731,29.82,9.9963,334161.03,5.491,,1.13,,1.0,U,29.82,24.4,7.0,3957114.0,94112,145051.0,7.0,43.885057,43.885057,43.885057,0.745244,0.0,43.885057,0,missing_stock,stock not covered by intraday_features.csv,,,,1,0.55,0.0,0,0.0,0.0,0.5,0.0,0.0,0.8682958317963856,0.5,0.5,0.0,missing_stock,ok,9,,A,0.3563218390804598,0.5057471264367817,0.5402298850574713,0.47126436781609193,0.5057471264367817,0.05747126436781609,0.16091954022988508,1.0
603009.SH,北特科技,汽车零部件,20260731,39.09,9.9887,117844.15,3.4021,,1.64,,1.0,U,39.09,31.99,9.0,10026585.0,130459,141929.0,9.0,41.781609,41.781609,41.781609,0.718459,0.0,41.781609,0,missing_stock,stock not covered by intraday_features.csv,,,,1,0.55,0.0,0,0.0,0.0,0.5,0.0,0.0,0.689729881823298,0.5,0.5,0.0,missing_stock,ok,9,,A,0.22988505747126436,0.5057471264367817,0.3563218390804598,0.7241379310344828,0.5057471264367817,0.1839080459770115,0.10919540229885062,1.0
605168.SH,三人行,广告营销,20260731,34.58,9.9873,31200.1,1.48,,0.74,,1.0,U,34.58,28.3,0.0,29728426.0,100203,100203.0,0.0,40.965517,40.965517,40.965517,0.705401,0.0,40.965517,0,missing_stock,stock not covered by intraday_features.csv,,,,1,0.55,0.0,0,0.0,0.0,0.5,0.0,0.0,0.6026717557251915,0.5,0.5,0.0,missing_stock,ok,9,,A,0.19540229885057472,0.5057471264367817,0.08045977011494253,0.2413793103448276,0.5057471264367817,0.5172413793103449,0.7701149425287356,1.0
000595.SZ,新能股份,电力,20260731,5.42,9.9391,291762.0,2.5623,,0.36,,1.0,U,5.42,4.44,0.0,42541580.0,93709,93709.0,0.0,40.528736,40.528736,40.528736,0.700756,0.0,40.528736,0,missing_stock,stock not covered by intraday_features.csv,,,,1,0.55,0.0,0,0.0,0.0,0.5,0.0,0.0,0.5717038539553754,0.5,0.5,0.0,missing_stock,ok,9,,A,0.04597701149425287,0.5057471264367817,0.22988505747126436,0.04597701149425287,0.5057471264367817,0.5977011494252874,0.7701149425287356,1.0
605289.SH,罗曼股份,专业工程,20260731,85.75,10.0064,18757.35,1.2308,,0.37,,1.0,U,85.75,70.16,1.0,10363745.0,93045,93057.0,1.0,40.390805,40.390805,40.390805,0.763898,0.0,40.390805,0,missing_stock,stock not covered by intraday_features.csv,,,,1,0.55,0.0,0,0.0,0.0,0.5,0.0,0.0,0.99265554842848,0.5,0.5,0.0,missing_stock,ok,9,,A,0.6436781609195402,0.5057471264367817,0.022988505747126436,0.05747126436781609,0.5057471264367817,0.20689655172413793,0.47126436781609193,1.0
000967.SZ,盈峰环境,环保设备,20260731,7.85,9.944,439107.49,1.3078,,0.49,,1.0,U,7.85,6.43,0.0,78236663.0,93000,93000.0,0.0,40.275862,40.275862,40.275862,0.765,0.0,40.275862,0,missing_stock,stock not covered by intraday_features.csv,,,,1,0.55,0.0,0,0.0,0.0,0.5,0.0,0.0,1.0,0.5,0.5,0.0,missing_stock,ok,9,,A,0.05747126436781609,0.5057471264367817,0.04597701149425287,0.08045977011494253,0.5057471264367817,0.7816091954022989,0.7701149425287356,1.0
603608.SH,天创时尚,服装家纺,20260731,16.97,9.9806,218210.5,5.134,,1.01,,1.0,U,16.97,13.89,3.0,8052265.0,131707,132143.0,3.0,39.91954,39.91954,39.91954,0.717497,0.0,39.91954,0,missing_stock,stock not covered by intraday_features.csv,,,,1,0.55,0.0,0,0.0,0.0,0.5,0.0,0.0,0.6833117303953341,0.5,0.5,0.0,missing_stock,ok,9,,A,0.11494252873563218,0.5057471264367817,0.4827586206896552,0.367816091954023,0.5057471264367817,0.16091954022988506,0.2931034482758621,1.0
605198.SH,安德利,农产品加,20260731,56.96,10.0039,28809.0,1.0649,,0.67,,1.0,U,56.96,46.6,0.0,3537216.0,94141,94141.0,0.0,39.83908,39.83908,39.83908,0.704922,0.0,39.83908,0,missing_stock,stock not covered by intraday_features.csv,,,,1,0.55,0.0,0,0.0,0.0,0.5,0.0,0.0,0.5994785631517957,0.5,0.5,0.0,missing_stock,ok,9,,A,0.5977011494252874,0.5057471264367817,0.011494252873563218,0.19540229885057472,0.5057471264367817,0.034482758620689655,0.7701149425287356,1.0
002963.SZ,豪尔赛,装修装饰,20260731,13.22,9.9834,33357.0,2.7121,,0.62,,1.0,U,13.22,10.82,0.0,5659482.0,95427,95427.0,0.0,36.367816,36.367816,36.367816,0.70646,0.0,36.367816,0,missing_stock,stock not covered by intraday_features.csv,,,,1,0.55,0.0,0,0.0,0.0,0.5,0.0,0.0,0.6097337770382694,0.5,0.5,0.0,missing_stock,ok,9,,A,0.12643678160919541,0.5057471264367817,0.27586206896551724,0.12643678160919541,0.5057471264367817,0.09195402298850575,0.7701149425287356,1.0
600791.SH,京能置业,房地产开发,20260731,6.53,9.9327,91022.0,2.0124,,0.65,,1.0,U,6.53,5.35,0.0,14487458.0,94231,94231.0,0.0,35.218391,35.218391,35.218391,0.6825,0.0,35.218391,0,missing_stock,stock not covered by intraday_features.csv,,,,1,0.55,0.0,0,0.0,0.0,0.5,0.0,0.0,0.45,0.5,0.5,0.0,missing_stock,ok,9,,A,0.034482758620689655,0.5057471264367817,0.13793103448275862,0.1781609195402299,0.5057471264367817,0.27586206896551724,0.7701149425287356,1.0
